Programs/bug_id,Bad practice Warnings,Correctness Warnings,Dodgy code Warnings,Experimental Warnings,Internationalization Warnings,Malicious code vulnerability Warnings,Multithreaded correctness Warnings,Performance Warnings,Total,Density*
Chart/1_buggy,192,16,46,0,0,66,11,8,339,5.22
Chart/2_buggy,192,15,45,0,0,66,11,8,337,5.19
Chart/3_buggy,193,15,45,0,0,66,11,8,338,5.2
Chart/4_buggy,184,16,43,0,0,66,11,8,328,5.15
Chart/5_buggy,184,14,43,0,0,66,11,8,326,5.43
Chart/6_buggy,213,9,48,0,0,66,11,7,354,6.25
Chart/7_buggy,216,9,48,0,0,66,11,7,357,6.31
Chart/8_buggy,216,9,48,0,0,66,11,7,357,6.31
Chart/9_buggy,216,9,48,0,0,70,11,7,361,6.38
Chart/10_buggy,216,9,48,0,0,76,11,7,367,6.49
Chart/11_buggy,216,9,47,0,0,76,11,7,366,6.47
Chart/12_buggy,216,9,47,0,0,76,11,7,366,6.47
Chart/13_buggy,216,9,47,0,0,76,11,7,366,6.48
Chart/14_buggy,217,9,47,0,0,76,11,7,367,6.5
Chart/15_buggy,222,9,47,0,0,76,11,7,372,6.61
Chart/16_buggy,222,9,47,0,0,76,11,7,372,6.61
Chart/17_buggy,225,9,47,0,0,76,11,7,375,6.7
Chart/18_buggy,225,9,47,0,0,76,11,7,375,6.7
Chart/19_buggy,232,9,50,0,0,76,11,8,386,6.92
Chart/20_buggy,228,9,50,0,0,76,11,8,382,6.88
Chart/21_buggy,228,9,50,0,0,76,11,8,382,6.9
Chart/22_buggy,228,9,51,0,0,76,11,8,383,6.92
Chart/23_buggy,228,9,50,0,0,76,11,8,382,6.92
Chart/24_buggy,228,9,52,0,0,76,11,8,384,6.96
Chart/25_buggy,228,9,52,0,0,76,11,8,384,6.98
Chart/26_buggy,227,10,51,0,0,77,11,7,383,7.05
Cli/1_buggy,1,0,1,0,1,0,0,1,4,3.57
Cli/2_buggy,1,0,1,0,1,0,0,0,3,2.69
Cli/3_buggy,1,0,1,0,1,0,0,0,3,2.67
Cli/4_buggy,1,0,1,0,1,0,0,0,3,2.66
Cli/5_buggy,1,0,1,0,1,0,0,0,3,2.66
Cli/7_buggy,10,0,1,0,1,6,0,2,20,7.54
Cli/8_buggy,1,0,1,0,1,0,0,0,3,2.62
Cli/9_buggy,1,0,1,0,1,0,0,0,3,2.61
Cli/10_buggy,1,0,1,0,1,0,0,0,3,2.58
Cli/11_buggy,1,0,0,0,1,0,0,0,2,1.76
Cli/12_buggy,1,0,0,0,1,0,0,0,2,1.78
Cli/13_buggy,10,0,0,0,1,6,0,2,19,7.16
Cli/14_buggy,10,0,0,0,1,6,0,2,19,7.06
Cli/15_buggy,10,0,0,0,1,6,0,2,19,7.07
Cli/16_buggy,10,0,0,0,1,6,0,2,19,7.05
Cli/17_buggy,1,0,0,0,1,0,0,0,2,1.73
Cli/18_buggy,1,0,0,0,1,0,0,0,2,1.73
Cli/19_buggy,1,0,0,0,1,0,0,0,2,1.73
Cli/20_buggy,1,0,0,0,1,0,0,0,2,1.73
Cli/21_buggy,10,0,0,0,1,6,0,2,19,6.99
Cli/22_buggy,1,0,0,0,1,0,0,0,2,1.73
Cli/23_buggy,1,0,0,0,1,0,0,0,2,1.72
Cli/24_buggy,1,0,0,0,1,0,0,0,2,1.72
Cli/25_buggy,1,0,0,0,1,0,0,0,2,1.72
Cli/26_buggy,1,0,0,0,1,0,0,0,2,1.72
Cli/27_buggy,1,0,0,0,1,0,0,0,2,1.65
Cli/28_buggy,1,0,0,0,1,0,0,0,2,1.4
Cli/29_buggy,1,0,0,0,1,0,0,0,2,1.38
Cli/30_buggy,1,0,0,0,1,0,0,0,2,1.37
Cli/31_buggy,1,0,0,0,1,0,0,0,2,1.36
Cli/32_buggy,1,0,0,0,1,0,0,0,2,1.37
Cli/33_buggy,1,0,0,0,1,0,0,0,2,1.37
Cli/34_buggy,1,0,0,0,1,0,0,0,2,1.36
Cli/35_buggy,0,0,0,0,1,0,0,0,1,0.65
Cli/36_buggy,0,0,0,0,1,0,0,0,1,0.64
Cli/37_buggy,0,0,0,0,1,0,0,0,1,0.64
Cli/38_buggy,0,0,0,0,1,0,0,0,1,0.64
Cli/39_buggy,0,0,0,0,1,0,0,0,1,0.62
Cli/40_buggy,0,0,0,0,1,0,0,0,1,0.62
Closure/1_buggy,60,20,116,4,13,1,0,40,254,3.96
Closure/2_buggy,60,20,117,4,13,1,0,40,255,3.98
Closure/3_buggy,60,20,117,4,13,1,1,40,256,3.99
Closure/4_buggy,60,20,117,4,13,1,1,40,256,3.99
Closure/5_buggy,60,20,114,4,13,2,1,40,254,3.98
Closure/6_buggy,61,20,114,4,13,13,1,39,265,4.15
Closure/7_buggy,57,20,113,4,13,15,1,39,262,4.11
Closure/8_buggy,57,19,112,4,13,15,1,38,259,4.09
Closure/9_buggy,57,19,112,4,13,15,1,38,259,4.09
Closure/10_buggy,55,19,111,4,13,15,1,38,256,4.04
Closure/11_buggy,54,19,111,4,13,15,1,38,255,4.03
Closure/12_buggy,54,19,112,4,13,15,1,38,256,4.06
Closure/13_buggy,54,19,113,4,13,15,1,38,257,4.08
Closure/14_buggy,54,19,113,4,13,15,1,38,257,4.08
Closure/15_buggy,54,19,113,3,13,15,1,38,256,4.07
Closure/16_buggy,54,19,113,3,13,15,1,38,256,4.07
Closure/17_buggy,54,19,113,3,13,15,1,38,256,4.07
Closure/18_buggy,54,19,113,3,13,15,1,38,256,4.07
Closure/19_buggy,54,19,113,3,13,15,1,38,256,4.07
Closure/20_buggy,54,19,113,3,13,15,1,38,256,4.07
Closure/21_buggy,54,19,113,3,13,15,1,38,256,4.07
Closure/22_buggy,54,19,113,3,13,15,1,38,256,4.07
Closure/23_buggy,54,18,112,3,13,14,1,38,253,4.04
Closure/24_buggy,54,18,111,3,13,14,1,38,252,4.04
Closure/25_buggy,54,18,111,3,13,14,1,38,252,4.04
Closure/26_buggy,54,18,111,3,13,14,1,38,252,4.04
Closure/27_buggy,54,18,111,3,13,15,1,38,253,4.06
Closure/28_buggy,54,18,111,3,13,15,1,38,253,4.06
Closure/29_buggy,54,18,111,3,13,15,1,38,253,4.06
Closure/30_buggy,54,19,108,3,13,15,1,38,251,4.06
Closure/31_buggy,54,19,108,3,13,15,1,38,251,4.07
Closure/32_buggy,54,19,108,3,13,15,1,38,251,4.07
Closure/33_buggy,54,19,108,3,13,15,1,38,251,4.07
Closure/34_buggy,54,19,108,3,13,15,1,38,251,4.07
Closure/35_buggy,44,18,108,3,11,15,1,38,238,3.89
Closure/36_buggy,44,18,108,3,11,15,1,38,238,3.89
Closure/37_buggy,44,18,108,3,11,15,1,38,238,3.9
Closure/38_buggy,44,18,108,3,11,15,1,38,238,3.91
Closure/39_buggy,44,17,108,3,11,15,1,38,237,3.9
Closure/40_buggy,44,17,108,3,11,15,1,38,237,3.9
Closure/41_buggy,44,17,106,3,11,15,1,38,235,3.87
Closure/42_buggy,44,17,106,3,11,15,1,38,235,3.87
Closure/43_buggy,44,17,106,3,11,15,1,38,235,3.87
Closure/44_buggy,44,15,104,3,11,13,1,38,229,3.83
Closure/45_buggy,44,15,104,3,11,13,1,38,229,3.84
Closure/46_buggy,45,15,106,3,11,13,1,38,232,3.87
Closure/47_buggy,44,15,105,3,11,13,1,38,230,3.85
Closure/48_buggy,44,14,104,3,11,13,1,38,228,3.83
Closure/49_buggy,44,15,115,3,11,13,1,45,247,3.81
Closure/50_buggy,44,15,115,3,10,13,1,45,246,3.81
Closure/51_buggy,44,15,115,3,10,12,1,45,245,3.8
Closure/52_buggy,44,15,115,3,10,12,1,45,245,3.81
Closure/53_buggy,44,15,116,3,10,12,1,46,247,3.86
Closure/54_buggy,44,15,115,3,10,12,1,46,246,3.87
Closure/55_buggy,43,15,115,3,10,12,1,46,245,3.87
Closure/56_buggy,43,15,115,3,10,12,1,46,245,3.88
Closure/57_buggy,40,14,117,3,10,12,1,46,243,3.85
Closure/58_buggy,40,14,117,3,10,12,1,46,243,3.85
Closure/59_buggy,36,13,116,3,10,12,1,47,238,3.81
Closure/60_buggy,35,14,112,3,10,12,1,49,236,3.86
Closure/61_buggy,33,14,113,3,10,11,1,48,233,3.82
Closure/62_buggy,33,14,113,3,10,11,1,48,233,3.82
Closure/64_buggy,33,14,113,3,8,11,1,48,231,3.81
Closure/65_buggy,33,14,114,3,8,11,1,48,232,3.83
Closure/66_buggy,33,14,114,3,8,11,1,48,232,3.83
Closure/67_buggy,33,14,114,3,8,11,1,48,232,3.84
Closure/68_buggy,33,14,114,3,8,11,1,48,232,3.84
Closure/69_buggy,33,14,114,3,8,11,1,48,232,3.83
Closure/70_buggy,33,13,114,3,8,11,1,50,233,3.87
Closure/71_buggy,32,12,116,3,8,11,1,50,233,3.98
Closure/72_buggy,33,12,115,3,8,11,1,50,233,4
Closure/73_buggy,32,11,116,3,8,11,1,48,230,4.01
Closure/74_buggy,32,11,114,3,8,11,1,49,229,4.03
Closure/75_buggy,32,11,114,3,8,11,1,46,226,3.99
Closure/76_buggy,4,0,0,0,0,0,0,0,4,2.94
Closure/77_buggy,4,0,0,0,0,0,0,0,4,2.94
Closure/78_buggy,4,0,0,0,0,0,0,0,4,2.94
Closure/79_buggy,4,0,0,0,0,0,0,0,4,2.94
Closure/80_buggy,4,0,0,0,0,0,0,0,4,2.94
Closure/81_buggy,4,0,0,0,0,0,0,0,4,2.94
Closure/82_buggy,4,0,0,0,0,0,0,0,4,2.94
Closure/83_buggy,4,0,0,0,0,0,0,0,4,2.94
Closure/84_buggy,4,0,0,0,0,0,0,0,4,2.94
Closure/85_buggy,4,0,0,0,0,0,0,0,4,2.94
Closure/86_buggy,4,0,0,0,0,0,0,0,4,2.94
Closure/87_buggy,4,0,0,0,0,0,0,0,4,2.94
Closure/88_buggy,4,0,0,0,0,0,0,0,4,2.94
Closure/89_buggy,4,0,0,0,0,0,0,0,4,2.94
Closure/90_buggy,4,0,0,0,0,0,0,0,4,2.94
Closure/91_buggy,4,0,0,0,0,0,0,0,4,2.94
Closure/92_buggy,4,0,0,0,0,0,0,0,4,2.94
Closure/94_buggy,4,0,0,0,0,0,0,0,4,2.94
Closure/95_buggy,4,0,0,0,0,0,0,0,4,2.94
Closure/96_buggy,4,0,3,0,0,0,0,0,7,3.29
Closure/97_buggy,31,9,155,3,8,14,1,38,259,5.19
Closure/98_buggy,29,9,149,3,10,14,1,37,252,5.19
Closure/99_buggy,29,9,149,3,10,14,1,37,252,5.19
Closure/100_buggy,29,9,149,3,10,14,1,37,252,5.2
Closure/101_buggy,28,9,149,1,7,15,2,29,240,5.17
Closure/102_buggy,28,9,150,1,7,15,2,28,240,5.23
Closure/103_buggy,28,8,150,1,7,15,2,28,239,5.21
Closure/104_buggy,28,8,150,1,7,15,2,28,239,5.21
Closure/105_buggy,28,8,149,1,7,15,2,27,237,5.23
Closure/106_buggy,18,4,94,0,7,8,2,24,157,3.72
Closure/107_buggy,61,19,110,5,14,1,0,50,260,3.52
Closure/108_buggy,61,19,110,5,14,1,0,50,260,3.52
Closure/109_buggy,61,19,111,4,14,1,0,51,261,3.54
Closure/110_buggy,61,19,110,4,14,1,0,48,257,3.52
Closure/111_buggy,61,19,103,4,14,1,0,47,249,3.69
Closure/112_buggy,60,19,108,4,14,1,0,47,253,3.77
Closure/113_buggy,60,19,108,4,14,1,0,47,253,3.77
Closure/114_buggy,60,19,108,4,14,1,0,47,253,3.77
Closure/115_buggy,60,19,108,4,14,1,0,47,253,3.77
Closure/116_buggy,60,19,108,4,14,1,0,47,253,3.77
Closure/117_buggy,61,19,108,4,14,1,0,46,253,3.77
Closure/118_buggy,61,19,108,4,14,1,0,45,252,3.76
Closure/119_buggy,61,19,108,4,14,1,0,45,252,3.76
Closure/120_buggy,61,19,108,4,14,1,0,44,251,3.75
Closure/121_buggy,61,19,108,4,14,1,0,44,251,3.75
Closure/122_buggy,61,20,108,4,14,1,0,43,251,3.75
Closure/123_buggy,61,20,107,4,14,1,0,43,250,3.74
Closure/124_buggy,59,20,106,4,14,1,0,44,248,3.72
Closure/125_buggy,57,20,104,4,14,1,0,42,242,3.66
Closure/126_buggy,60,20,103,4,14,1,0,42,244,3.76
Closure/127_buggy,60,20,103,4,14,1,0,42,244,3.76
Closure/128_buggy,60,20,106,4,14,1,0,44,249,3.85
Closure/129_buggy,60,20,106,4,14,1,0,44,249,3.85
Closure/130_buggy,60,20,105,4,14,1,0,42,246,3.81
Closure/131_buggy,60,20,105,4,14,1,0,42,246,3.81
Closure/132_buggy,60,20,105,4,14,1,0,42,246,3.81
Closure/133_buggy,60,20,104,4,13,1,0,42,244,3.78
Closure/134_buggy,28,8,147,1,6,15,2,26,233,5.21
Closure/135_buggy,28,8,149,1,7,15,2,26,236,5.22
Closure/136_buggy,28,9,150,1,7,15,2,29,241,5.21
Closure/137_buggy,28,9,150,1,7,15,2,29,241,5.21
Closure/138_buggy,28,9,149,1,7,15,2,29,240,5.18
Closure/139_buggy,28,9,149,1,7,15,2,29,240,5.18
Closure/140_buggy,28,9,149,1,7,15,2,29,240,5.17
Closure/141_buggy,28,9,149,1,7,15,2,29,240,5.17
Closure/142_buggy,31,8,147,1,7,14,2,29,239,5.11
Closure/143_buggy,31,8,147,1,7,14,2,29,239,5.11
Closure/144_buggy,29,9,151,3,10,14,1,37,254,5.18
Closure/145_buggy,29,9,151,3,9,14,1,37,253,5.16
Closure/146_buggy,29,9,154,3,9,14,1,37,256,5.17
Closure/147_buggy,30,9,155,3,8,14,1,38,258,5.2
Closure/148_buggy,31,9,154,3,8,14,1,38,258,5.19
Closure/149_buggy,4,0,3,0,0,0,0,0,7,3.37
Closure/150_buggy,4,0,0,0,0,0,0,0,4,2.94
Closure/151_buggy,4,0,0,0,0,0,0,0,4,2.94
Closure/152_buggy,4,0,0,0,0,0,0,0,4,2.94
Closure/153_buggy,4,0,0,0,0,0,0,0,4,2.94
Closure/154_buggy,4,0,0,0,0,0,0,0,4,2.94
Closure/155_buggy,6,0,0,0,0,0,0,0,6,3.08
Closure/156_buggy,32,11,114,3,8,11,1,46,226,4
Closure/157_buggy,32,11,114,3,8,11,1,46,226,3.99
Closure/158_buggy,32,11,114,3,8,11,1,46,226,3.98
Closure/159_buggy,32,11,116,3,8,11,1,48,230,4.01
Closure/160_buggy,33,13,114,3,8,11,1,48,231,3.82
Closure/161_buggy,36,13,116,3,10,12,1,46,237,3.78
Closure/162_buggy,44,15,115,3,10,12,1,46,246,3.87
Closure/163_buggy,44,15,104,3,11,13,1,38,229,3.85
Closure/164_buggy,44,18,108,3,11,15,1,38,238,3.91
Closure/165_buggy,54,18,111,3,13,14,1,38,252,4.04
Closure/166_buggy,54,19,113,4,13,15,1,38,257,4.08
Closure/167_buggy,54,19,112,4,13,15,1,38,256,4.06
Closure/168_buggy,54,19,112,4,13,15,1,38,256,4.06
Closure/169_buggy,57,20,113,4,13,15,1,39,262,4.11
Closure/170_buggy,60,20,104,4,14,1,0,44,247,3.78
Closure/171_buggy,61,20,108,4,14,2,0,43,252,3.78
Closure/172_buggy,61,20,108,4,14,1,0,43,251,3.75
Closure/173_buggy,61,19,108,4,14,1,0,45,252,3.76
Closure/174_buggy,60,19,108,4,14,1,0,47,253,3.77
Closure/175_buggy,61,19,110,4,14,1,0,51,260,3.53
Closure/176_buggy,61,19,110,5,14,1,0,50,260,3.52
Codec/1_buggy,0,0,1,0,9,3,0,0,13,7.45
Codec/2_buggy,0,0,3,0,9,0,0,0,12,6.28
Codec/3_buggy,0,0,3,0,8,3,0,0,14,6.95
Codec/4_buggy,0,0,3,0,0,3,0,0,6,2.95
Codec/5_buggy,0,0,3,0,0,3,0,0,6,2.95
Codec/6_buggy,0,0,3,0,0,3,0,0,6,2.72
Codec/7_buggy,0,0,3,0,0,3,0,0,6,2.72
Codec/8_buggy,0,0,3,0,0,3,0,0,6,2.73
Codec/9_buggy,0,0,5,0,0,2,0,0,7,2.69
Codec/10_buggy,0,0,5,0,0,0,0,1,6,2.51
Codec/11_buggy,0,0,5,0,0,0,0,1,6,1.84
Codec/12_buggy,0,0,5,0,0,0,0,1,6,1.75
Codec/13_buggy,0,0,2,0,0,0,0,1,3,0.72
Codec/14_buggy,0,0,2,0,0,0,0,1,3,0.72
Codec/15_buggy,0,0,2,0,0,0,0,1,3,0.64
Codec/16_buggy,0,0,2,0,0,0,0,1,3,0.64
Codec/17_buggy,13,1,7,0,0,0,0,1,22,0.89
Codec/18_buggy,13,1,7,0,0,0,0,1,22,0.89
Collections/25_buggy,1,1,7,0,0,3,1,1,14,0.76
Collections/26_buggy,1,1,7,0,0,3,1,1,14,0.73
Collections/27_buggy,1,1,7,0,0,3,1,1,14,0.73
Collections/28_buggy,1,1,7,0,0,3,1,1,14,0.73
Compress/1_buggy,1,3,5,0,16,4,0,1,30,5.87
Compress/2_buggy,2,2,4,0,16,3,0,1,28,5.13
Compress/3_buggy,2,2,4,0,12,3,0,0,23,4.1
Compress/4_buggy,2,2,4,0,12,3,0,0,23,4.1
Compress/5_buggy,2,2,3,0,10,3,0,0,20,3.48
Compress/6_buggy,2,2,3,0,10,3,0,0,20,3.47
Compress/7_buggy,4,2,4,0,10,3,0,0,23,3.65
Compress/8_buggy,4,2,4,0,10,3,0,0,23,3.64
Compress/9_buggy,0,0,2,0,13,0,0,1,16,1.91
Compress/10_buggy,0,0,2,0,13,0,0,1,16,1.86
Compress/11_buggy,0,0,2,0,13,0,0,1,16,1.84
Compress/12_buggy,0,0,2,0,13,0,0,1,16,1.84
Compress/13_buggy,0,0,2,0,13,0,0,1,16,1.84
Compress/14_buggy,0,0,2,0,13,0,0,1,16,1.84
Compress/15_buggy,0,0,2,0,10,0,0,0,12,1.33
Compress/16_buggy,0,0,2,0,10,0,0,0,12,1.32
Compress/17_buggy,0,0,2,0,10,0,0,0,12,1.31
Compress/18_buggy,0,0,2,0,10,0,0,0,12,1.31
Compress/19_buggy,0,0,2,0,9,0,0,1,12,1.09
Compress/20_buggy,1,0,2,0,9,0,0,1,13,1.15
Compress/21_buggy,1,0,3,0,7,0,0,1,12,0.96
Compress/22_buggy,0,0,1,0,0,0,0,0,1,0.08
Compress/23_buggy,0,0,1,0,0,0,0,0,1,0.08
Compress/24_buggy,0,0,1,0,0,0,0,0,1,0.08
Compress/25_buggy,0,0,1,0,0,0,0,0,1,0.08
Compress/26_buggy,0,0,1,0,0,0,0,0,1,0.08
Compress/27_buggy,0,0,1,0,0,0,0,0,1,0.08
Compress/28_buggy,0,0,1,0,0,0,0,0,1,0.08
Compress/29_buggy,0,0,1,0,0,0,0,0,1,0.07
Compress/30_buggy,0,0,1,0,0,0,0,0,1,0.07
Compress/31_buggy,0,0,1,0,0,0,0,0,1,0.07
Compress/32_buggy,0,0,1,0,0,0,0,0,1,0.07
Compress/33_buggy,0,0,1,0,0,0,0,0,1,0.07
Compress/34_buggy,0,0,0,0,0,0,0,0,0,0
Compress/35_buggy,0,0,2,0,0,0,0,0,2,0.14
Compress/36_buggy,0,0,0,0,0,0,0,0,0,0
Compress/37_buggy,0,0,0,0,0,0,0,0,0,0
Compress/38_buggy,0,0,0,0,0,0,0,0,0,0
Compress/39_buggy,0,0,0,0,0,0,1,0,1,0.07
Compress/40_buggy,0,0,0,0,0,0,0,0,0,0
Compress/41_buggy,0,0,0,0,0,0,0,0,0,0
Compress/42_buggy,0,0,0,0,0,0,0,0,0,0
Compress/43_buggy,0,0,0,0,0,0,0,0,0,0
Compress/44_buggy,0,0,0,0,0,0,0,0,0,0
Compress/45_buggy,0,0,0,0,0,0,0,0,0,0
Compress/46_buggy,0,0,0,0,0,0,0,0,0,0
Compress/47_buggy,0,0,0,0,0,0,0,0,0,0
Csv/1_buggy,0,0,1,0,0,0,0,0,1,1.69
Csv/2_buggy,0,0,2,0,0,0,0,0,2,2.42
Csv/3_buggy,0,0,2,0,0,0,0,1,3,3.55
Csv/4_buggy,0,0,1,0,1,0,0,0,2,2.3
Csv/5_buggy,0,0,1,0,1,0,0,0,2,2.27
Csv/6_buggy,0,0,1,0,1,0,0,0,2,2.25
Csv/7_buggy,0,0,1,0,1,0,0,0,2,2.24
Csv/8_buggy,0,0,1,0,1,0,0,0,2,2.21
Csv/9_buggy,0,0,1,0,1,0,0,0,2,2.21
Csv/10_buggy,0,0,1,0,1,0,0,0,2,2.21
Csv/11_buggy,0,0,1,0,0,0,0,0,1,1.09
Csv/12_buggy,0,0,1,0,0,0,0,0,1,1.09
Csv/13_buggy,0,0,1,0,0,0,0,0,1,0.99
Csv/14_buggy,0,0,1,0,0,0,0,0,1,0.92
Csv/15_buggy,0,0,1,0,0,0,0,0,1,0.89
Csv/16_buggy,0,0,1,0,0,0,0,0,1,0.88
Gson/1_buggy,0,0,5,0,0,0,0,0,5,1.27
Gson/2_buggy,10,1,8,0,0,1,0,0,20,3.65
Gson/3_buggy,10,1,8,0,0,1,0,0,20,3.64
Gson/4_buggy,10,1,8,0,0,1,0,0,20,3.46
Gson/5_buggy,10,1,8,0,0,1,0,0,20,3.46
Gson/6_buggy,10,1,8,0,0,1,0,0,20,3.46
Gson/7_buggy,10,1,8,0,0,1,0,0,20,3.46
Gson/8_buggy,10,1,8,0,0,1,0,0,20,3.46
Gson/9_buggy,10,1,8,0,0,1,0,0,20,3.45
Gson/10_buggy,10,1,9,0,0,1,0,0,21,3.61
Gson/11_buggy,10,1,8,0,0,1,0,0,20,3.39
Gson/12_buggy,10,1,8,0,0,1,0,0,20,3.39
Gson/13_buggy,10,1,8,0,0,1,0,0,20,3.39
Gson/14_buggy,10,1,8,0,0,1,0,0,20,3.39
Gson/15_buggy,10,1,8,0,0,1,0,0,20,3.38
Gson/16_buggy,10,1,8,0,0,1,0,0,20,3.38
Gson/17_buggy,10,1,8,0,0,1,0,0,20,3.38
Gson/18_buggy,10,1,8,0,0,1,0,0,20,3.35
JacksonCore/1_buggy,7,1,14,2,0,29,0,0,53,4.87
JacksonCore/2_buggy,8,1,17,2,0,32,0,0,60,5.44
JacksonCore/3_buggy,8,1,18,2,0,32,0,0,61,5.45
JacksonCore/4_buggy,8,1,16,2,0,34,0,0,61,5.29
JacksonCore/5_buggy,8,1,16,2,0,34,0,0,61,5.29
JacksonCore/6_buggy,8,1,16,2,0,34,0,0,61,5.29
JacksonCore/7_buggy,8,1,16,2,0,34,0,6,67,5.66
JacksonCore/8_buggy,8,2,17,2,0,34,0,6,69,5.51
JacksonCore/9_buggy,8,2,17,2,0,34,0,6,69,5.38
JacksonCore/10_buggy,8,2,19,2,0,34,0,6,71,5.12
JacksonCore/11_buggy,8,2,19,2,0,34,0,6,71,5.11
JacksonCore/12_buggy,8,3,19,2,0,34,0,6,72,5.29
JacksonCore/13_buggy,8,3,19,2,0,35,0,6,73,5.35
JacksonCore/14_buggy,8,3,19,2,0,35,0,6,73,5.35
JacksonCore/15_buggy,8,3,19,2,0,35,0,6,73,5.35
JacksonCore/16_buggy,9,3,23,2,0,41,0,6,84,5.44
JacksonCore/17_buggy,7,0,16,2,0,35,0,0,60,4.39
JacksonCore/18_buggy,7,0,16,2,0,35,0,0,60,4.38
JacksonCore/19_buggy,7,0,16,2,0,35,0,0,60,4.38
JacksonCore/20_buggy,8,0,15,2,0,41,0,0,66,4.25
JacksonCore/21_buggy,8,1,15,2,0,46,0,0,72,4.42
JacksonCore/22_buggy,8,1,17,2,0,47,0,0,75,4.28
JacksonCore/23_buggy,8,0,22,2,0,49,0,0,81,4.35
JacksonCore/24_buggy,8,0,22,2,0,49,0,0,81,4.33
JacksonCore/25_buggy,8,0,20,2,0,49,0,0,79,4.36
JacksonCore/26_buggy,8,0,23,2,0,49,0,0,82,4.37
JacksonDatabind/1_buggy,43,4,23,0,0,22,6,1,99,3.68
JacksonDatabind/2_buggy,41,6,17,0,0,23,6,1,94,3.2
JacksonDatabind/3_buggy,41,6,17,0,0,23,6,1,94,3.2
JacksonDatabind/4_buggy,41,5,17,0,0,23,6,1,93,3.16
JacksonDatabind/5_buggy,41,5,17,0,0,23,6,1,93,3.16
JacksonDatabind/6_buggy,41,4,17,0,0,23,6,1,92,3.12
JacksonDatabind/7_buggy,41,4,19,0,0,23,6,1,94,3.19
JacksonDatabind/8_buggy,46,4,21,0,0,24,6,1,102,3.23
JacksonDatabind/9_buggy,46,4,21,0,0,24,6,1,102,3.23
JacksonDatabind/10_buggy,46,4,21,0,0,24,6,1,102,3.22
JacksonDatabind/11_buggy,46,4,21,0,0,24,6,1,102,3.21
JacksonDatabind/12_buggy,41,4,19,0,0,23,6,1,94,3.18
JacksonDatabind/13_buggy,46,4,21,0,0,24,6,1,102,3.21
JacksonDatabind/14_buggy,46,4,21,0,0,24,6,1,102,3.21
JacksonDatabind/15_buggy,46,4,21,0,0,24,7,1,103,3.24
JacksonDatabind/16_buggy,46,4,21,0,0,24,7,1,103,3.24
JacksonDatabind/17_buggy,41,4,19,0,0,23,6,1,94,3.18
JacksonDatabind/18_buggy,48,6,22,0,0,26,7,1,110,3.4
JacksonDatabind/19_buggy,48,7,24,0,0,26,7,1,113,3.49
JacksonDatabind/20_buggy,46,4,21,0,0,24,7,1,103,3.24
JacksonDatabind/21_buggy,48,7,24,0,0,26,7,1,113,3.47
JacksonDatabind/22_buggy,69,7,23,0,0,26,7,1,133,4.06
JacksonDatabind/23_buggy,70,7,23,0,0,26,7,1,134,4.08
JacksonDatabind/24_buggy,70,7,23,0,0,26,7,1,134,4.07
JacksonDatabind/25_buggy,70,7,23,0,0,26,7,1,134,4.07
JacksonDatabind/26_buggy,68,7,23,0,0,26,7,1,132,4.01
JacksonDatabind/27_buggy,67,7,23,0,0,26,7,1,131,3.97
JacksonDatabind/28_buggy,67,7,22,0,0,26,7,1,130,3.94
JacksonDatabind/29_buggy,67,7,24,0,0,26,7,1,132,3.99
JacksonDatabind/30_buggy,67,7,21,0,0,26,7,1,129,3.9
JacksonDatabind/31_buggy,67,7,21,0,0,26,7,1,129,3.9
JacksonDatabind/32_buggy,67,7,21,0,0,26,7,1,129,3.9
JacksonDatabind/33_buggy,67,7,21,0,0,26,7,1,129,3.9
JacksonDatabind/34_buggy,88,6,20,0,0,26,9,1,150,4.4
JacksonDatabind/35_buggy,46,4,21,0,0,24,7,1,103,3.24
JacksonDatabind/36_buggy,88,6,19,0,0,26,9,1,149,4.36
JacksonDatabind/37_buggy,89,6,19,0,0,26,9,1,150,4.39
JacksonDatabind/38_buggy,89,6,19,0,0,26,9,1,150,4.39
JacksonDatabind/39_buggy,67,6,20,0,0,26,7,1,127,3.84
JacksonDatabind/40_buggy,89,5,19,0,0,26,9,1,149,4.36
JacksonDatabind/41_buggy,89,5,19,0,0,26,9,1,149,4.36
JacksonDatabind/42_buggy,67,5,20,0,0,26,7,1,126,3.8
JacksonDatabind/43_buggy,89,5,20,0,0,26,9,1,150,4.38
JacksonDatabind/44_buggy,89,5,20,0,0,26,9,1,150,4.38
JacksonDatabind/45_buggy,89,5,20,0,0,26,9,1,150,4.38
JacksonDatabind/46_buggy,67,6,20,0,0,26,7,1,127,3.83
JacksonDatabind/47_buggy,90,6,19,0,0,26,9,1,151,4.39
JacksonDatabind/48_buggy,90,6,19,0,0,26,9,1,151,4.39
JacksonDatabind/49_buggy,67,6,20,0,0,26,7,1,127,3.83
JacksonDatabind/50_buggy,89,11,20,0,0,27,9,1,157,4.47
JacksonDatabind/51_buggy,89,11,16,0,0,27,9,1,153,4.36
JacksonDatabind/52_buggy,89,11,16,0,0,27,9,1,153,4.36
JacksonDatabind/53_buggy,90,6,19,0,0,26,9,1,151,4.39
JacksonDatabind/54_buggy,88,11,16,0,0,27,9,1,152,4.32
JacksonDatabind/55_buggy,90,6,19,0,0,26,9,1,151,4.38
JacksonDatabind/56_buggy,90,6,19,0,0,26,9,1,151,4.38
JacksonDatabind/57_buggy,90,6,19,0,0,26,9,1,151,4.38
JacksonDatabind/58_buggy,90,6,19,0,0,26,9,1,151,4.38
JacksonDatabind/59_buggy,87,12,16,0,0,27,9,1,152,4.31
JacksonDatabind/60_buggy,87,12,16,0,0,27,9,1,152,4.31
JacksonDatabind/61_buggy,87,12,16,0,0,27,9,1,152,4.3
JacksonDatabind/62_buggy,89,6,19,0,0,26,9,1,150,4.36
JacksonDatabind/63_buggy,87,13,16,0,0,27,9,1,153,4.32
JacksonDatabind/64_buggy,87,13,16,0,0,27,9,1,153,4.32
JacksonDatabind/65_buggy,87,13,16,0,0,27,9,1,153,4.32
JacksonDatabind/66_buggy,87,13,16,0,0,27,9,1,153,4.32
JacksonDatabind/67_buggy,87,13,16,0,0,27,9,1,153,4.32
JacksonDatabind/68_buggy,87,13,16,0,0,27,9,1,153,4.32
JacksonDatabind/69_buggy,89,6,19,0,0,26,9,1,150,4.36
JacksonDatabind/70_buggy,87,13,16,0,0,27,9,1,153,4.32
JacksonDatabind/71_buggy,89,6,19,0,0,26,9,1,150,4.36
JacksonDatabind/72_buggy,89,6,19,0,0,26,9,1,150,4.35
JacksonDatabind/73_buggy,87,13,16,0,0,27,9,1,153,4.31
JacksonDatabind/74_buggy,87,13,16,0,0,27,7,1,151,4.26
JacksonDatabind/75_buggy,87,12,16,0,0,27,7,1,150,4.23
JacksonDatabind/76_buggy,86,12,16,0,0,27,7,1,149,4.2
JacksonDatabind/77_buggy,89,6,19,0,0,26,9,1,150,4.35
JacksonDatabind/78_buggy,86,12,16,0,0,27,7,1,149,4.19
JacksonDatabind/79_buggy,89,6,19,0,0,26,9,1,150,4.35
JacksonDatabind/80_buggy,97,24,20,0,0,30,7,1,179,4.8
JacksonDatabind/81_buggy,97,24,20,0,0,30,7,1,179,4.8
JacksonDatabind/82_buggy,86,12,16,0,0,27,7,1,149,4.19
JacksonDatabind/83_buggy,86,12,16,0,0,27,7,1,149,4.19
JacksonDatabind/84_buggy,86,12,17,0,0,27,7,1,150,4.22
JacksonDatabind/85_buggy,86,12,17,0,0,27,7,1,150,4.22
JacksonDatabind/86_buggy,86,12,17,0,0,27,7,1,150,4.21
JacksonDatabind/87_buggy,86,12,17,0,0,27,7,1,150,4.21
JacksonDatabind/88_buggy,86,12,17,0,0,27,8,1,151,4.24
JacksonDatabind/89_buggy,86,12,17,0,0,27,8,1,151,4.24
JacksonDatabind/90_buggy,86,12,17,0,0,27,8,1,151,4.23
JacksonDatabind/91_buggy,86,12,17,0,0,27,8,1,151,4.23
JacksonDatabind/92_buggy,89,6,19,0,0,26,9,1,150,4.35
JacksonDatabind/93_buggy,86,12,17,0,0,27,8,1,151,4.23
JacksonDatabind/94_buggy,89,6,19,0,0,26,9,1,150,4.35
JacksonDatabind/95_buggy,86,12,17,0,0,27,8,1,151,4.22
JacksonDatabind/96_buggy,100,22,17,0,0,30,5,1,175,4.58
JacksonDatabind/97_buggy,100,22,17,0,0,30,5,1,175,4.58
JacksonDatabind/98_buggy,100,22,17,0,0,30,5,1,175,4.58
JacksonDatabind/99_buggy,86,12,17,0,0,27,8,1,151,4.22
JacksonDatabind/100_buggy,100,22,17,0,0,30,5,1,175,4.58
JacksonDatabind/101_buggy,100,22,17,0,0,30,5,1,175,4.58
JacksonDatabind/102_buggy,100,22,17,0,0,30,5,1,175,4.58
JacksonDatabind/103_buggy,100,22,17,0,0,30,5,1,175,4.58
JacksonDatabind/104_buggy,100,22,17,0,0,30,5,1,175,4.58
JacksonDatabind/105_buggy,100,22,17,0,0,30,5,1,175,4.57
JacksonDatabind/106_buggy,100,22,17,0,0,30,6,1,176,4.56
JacksonDatabind/107_buggy,100,22,17,0,0,30,6,1,176,4.6
JacksonDatabind/108_buggy,100,22,17,0,0,30,6,1,176,4.56
JacksonDatabind/109_buggy,100,22,17,0,0,30,6,1,176,4.55
JacksonDatabind/110_buggy,100,22,17,0,0,30,6,1,176,4.6
JacksonDatabind/111_buggy,100,22,17,0,0,30,6,1,176,4.6
JacksonDatabind/112_buggy,100,22,17,0,0,30,6,1,176,4.6
JacksonXml/1_buggy,9,0,3,0,0,1,0,1,14,4.7
JacksonXml/2_buggy,9,0,3,0,0,1,0,1,14,4.69
JacksonXml/3_buggy,9,0,3,0,0,1,0,1,14,4.69
JacksonXml/4_buggy,9,0,3,0,0,1,0,1,14,4.66
JacksonXml/5_buggy,10,0,3,0,0,1,0,1,15,4.84
JacksonXml/6_buggy,10,0,3,0,0,1,0,1,15,4.84
Jsoup/1_buggy,0,0,3,0,0,0,0,0,3,1.48
Jsoup/2_buggy,0,0,3,0,0,0,0,0,3,1.48
Jsoup/3_buggy,0,0,3,0,0,0,0,0,3,1.46
Jsoup/4_buggy,0,0,6,0,0,0,0,1,7,2.56
Jsoup/5_buggy,0,0,6,0,0,0,0,1,7,2.56
Jsoup/6_buggy,0,0,6,0,0,0,0,1,7,2.15
Jsoup/7_buggy,0,0,6,0,0,0,0,1,7,2.13
Jsoup/8_buggy,0,0,6,0,0,0,0,1,7,2.12
Jsoup/9_buggy,0,0,6,0,0,0,0,1,7,2.12
Jsoup/10_buggy,0,0,6,0,0,0,0,1,7,2.09
Jsoup/11_buggy,0,0,6,0,0,0,0,1,7,2.08
Jsoup/12_buggy,1,0,8,0,0,0,0,4,13,3.42
Jsoup/13_buggy,1,0,17,0,0,0,0,4,22,3.16
Jsoup/14_buggy,1,0,17,0,0,0,0,4,22,3.14
Jsoup/15_buggy,1,0,16,0,0,0,0,4,21,2.97
Jsoup/16_buggy,1,0,13,0,0,0,0,4,18,2.55
Jsoup/17_buggy,1,0,13,0,0,0,0,4,18,2.55
Jsoup/18_buggy,1,0,13,0,0,0,0,4,18,2.55
Jsoup/19_buggy,1,0,13,0,0,0,0,4,18,2.54
Jsoup/20_buggy,1,0,13,0,0,0,0,2,16,2.19
Jsoup/21_buggy,1,0,13,0,0,0,0,2,16,2.19
Jsoup/22_buggy,1,0,13,0,0,0,0,2,16,2.18
Jsoup/23_buggy,1,0,13,0,0,0,0,2,16,2.17
Jsoup/24_buggy,1,0,13,0,0,0,0,2,16,2.17
Jsoup/25_buggy,1,0,13,0,0,0,0,2,16,2.16
Jsoup/26_buggy,1,0,13,0,0,0,0,2,16,2.15
Jsoup/27_buggy,1,0,13,0,0,0,0,2,16,2.15
Jsoup/28_buggy,1,0,13,0,0,0,0,2,16,2.15
Jsoup/29_buggy,1,0,12,0,0,0,0,1,14,1.88
Jsoup/30_buggy,1,0,12,0,0,0,0,1,14,1.88
Jsoup/31_buggy,1,0,12,0,0,0,0,1,14,1.87
Jsoup/32_buggy,1,0,12,0,0,0,0,1,14,1.86
Jsoup/33_buggy,1,0,13,0,0,0,0,1,15,1.92
Jsoup/34_buggy,1,0,13,0,0,0,0,1,15,1.92
Jsoup/35_buggy,1,0,13,0,0,0,0,1,15,1.92
Jsoup/36_buggy,2,0,11,0,0,0,0,1,14,1.77
Jsoup/37_buggy,2,0,11,0,0,0,0,1,14,1.76
Jsoup/38_buggy,2,0,11,0,0,0,0,1,14,1.76
Jsoup/39_buggy,2,0,11,0,0,0,0,1,14,1.75
Jsoup/40_buggy,2,0,12,0,0,0,0,1,15,1.87
Jsoup/41_buggy,3,0,12,0,0,0,0,3,18,2.14
Jsoup/42_buggy,3,0,11,0,0,0,0,3,17,2.01
Jsoup/43_buggy,1,0,13,0,0,0,0,3,17,2
Jsoup/44_buggy,1,0,13,0,0,0,0,3,17,2
Jsoup/45_buggy,1,0,13,0,0,1,0,3,18,2.1
Jsoup/46_buggy,1,0,13,0,0,1,0,3,18,2.1
Jsoup/47_buggy,1,0,13,0,0,1,0,3,18,2.1
Jsoup/48_buggy,1,0,13,0,0,1,0,3,18,2.09
Jsoup/49_buggy,1,0,13,0,0,1,0,3,18,2.08
Jsoup/50_buggy,9,0,12,0,0,1,0,2,24,2.78
Jsoup/51_buggy,9,0,12,0,0,1,0,2,24,2.77
Jsoup/52_buggy,9,0,11,0,0,1,0,2,23,2.63
Jsoup/53_buggy,9,0,11,0,0,1,0,2,23,2.64
Jsoup/54_buggy,9,0,11,0,0,1,0,2,23,2.63
Jsoup/55_buggy,10,0,11,0,1,1,0,3,26,2.93
Jsoup/56_buggy,10,0,11,0,0,1,0,3,25,2.81
Jsoup/57_buggy,10,0,11,0,0,1,0,3,25,2.8
Jsoup/58_buggy,10,1,13,0,0,1,0,3,28,3.1
Jsoup/59_buggy,10,1,13,0,0,1,0,3,28,3.09
Jsoup/60_buggy,10,1,13,0,0,1,0,3,28,3.09
Jsoup/61_buggy,10,1,13,0,0,1,0,3,28,3.09
Jsoup/62_buggy,10,1,12,0,0,1,0,3,27,2.95
Jsoup/63_buggy,13,1,13,0,0,0,0,3,30,3.25
Jsoup/64_buggy,13,1,13,0,0,0,0,3,30,3.25
Jsoup/65_buggy,13,2,13,0,0,0,0,2,30,3.17
Jsoup/66_buggy,13,2,13,0,0,0,0,2,30,3.13
Jsoup/67_buggy,14,2,13,0,0,0,0,2,31,3.21
Jsoup/68_buggy,14,2,13,0,0,0,0,3,32,3.32
Jsoup/69_buggy,14,2,8,0,0,0,0,3,27,2.8
Jsoup/70_buggy,14,2,8,0,0,0,0,3,27,2.8
Jsoup/71_buggy,14,2,8,0,0,0,0,3,27,2.8
Jsoup/72_buggy,15,2,8,0,0,0,0,3,28,2.89
Jsoup/73_buggy,15,2,8,0,0,0,0,3,28,2.89
Jsoup/74_buggy,15,2,8,0,0,0,0,3,28,2.89
Jsoup/75_buggy,16,2,8,0,0,0,0,3,29,2.98
Jsoup/76_buggy,16,2,8,0,0,0,0,3,29,2.98
Jsoup/77_buggy,16,2,8,0,0,0,0,3,29,2.97
Jsoup/78_buggy,15,2,8,0,0,0,0,3,28,2.87
Jsoup/79_buggy,15,2,8,0,0,0,0,3,28,2.87
Jsoup/80_buggy,15,2,8,0,0,0,0,3,28,2.87
Jsoup/81_buggy,15,2,8,0,0,0,0,4,29,2.97
Jsoup/82_buggy,15,1,8,0,0,0,0,3,27,2.77
Jsoup/83_buggy,15,1,8,0,0,0,0,3,27,2.77
Jsoup/84_buggy,15,1,10,0,0,0,0,3,29,2.97
Jsoup/85_buggy,15,1,10,0,0,0,0,3,29,2.96
Jsoup/86_buggy,15,1,10,0,0,0,0,3,29,2.96
Jsoup/87_buggy,15,1,10,0,0,0,0,3,29,2.96
Jsoup/88_buggy,15,1,10,0,0,0,0,3,29,2.96
Jsoup/89_buggy,15,1,10,0,0,0,0,3,29,2.96
Jsoup/90_buggy,15,0,10,0,0,0,0,3,28,2.85
Jsoup/91_buggy,15,0,10,0,0,0,0,3,28,2.85
Jsoup/92_buggy,13,0,9,0,0,0,0,1,23,2.33
Jsoup/93_buggy,13,0,9,0,0,0,0,1,23,2.33
JxPath/1_buggy,49,4,9,1,3,17,1,26,110,9.16
JxPath/2_buggy,49,4,9,1,3,17,1,26,110,9.16
JxPath/3_buggy,49,4,9,1,3,17,1,26,110,9.15
JxPath/4_buggy,49,4,9,1,3,17,3,20,106,9
JxPath/5_buggy,49,3,9,1,3,17,4,20,106,9
JxPath/6_buggy,49,3,9,1,3,17,4,20,106,8.94
JxPath/7_buggy,49,3,9,1,3,17,4,20,106,8.94
JxPath/8_buggy,49,3,9,1,3,17,4,20,106,8.92
JxPath/9_buggy,49,3,9,1,3,17,4,20,106,8.92
JxPath/10_buggy,49,3,9,1,3,17,4,20,106,8.91
JxPath/11_buggy,49,3,9,1,3,17,4,20,106,8.9
JxPath/12_buggy,49,3,9,1,3,17,4,20,106,8.89
JxPath/13_buggy,50,3,9,1,3,17,4,20,107,8.98
JxPath/14_buggy,51,3,9,1,3,17,4,20,108,9.05
JxPath/15_buggy,51,3,10,1,3,17,4,20,109,9.12
JxPath/16_buggy,51,2,9,1,3,17,4,20,107,8.94
JxPath/17_buggy,51,2,9,1,3,17,4,20,107,8.93
JxPath/18_buggy,51,2,9,1,3,17,4,20,107,8.93
JxPath/19_buggy,42,3,6,0,3,17,3,20,94,8.12
JxPath/20_buggy,42,3,8,0,3,17,4,20,97,8.34
JxPath/21_buggy,42,3,8,0,3,17,4,20,97,8.33
JxPath/22_buggy,42,2,7,0,3,17,4,20,95,8.16
Lang/1_buggy,10,1,7,0,1,0,0,1,20,1.31
Lang/3_buggy,10,1,8,0,1,0,0,1,21,1.38
Lang/4_buggy,10,2,7,0,1,0,0,1,21,1.39
Lang/5_buggy,10,2,7,0,1,0,0,1,21,1.39
Lang/6_buggy,10,2,7,0,1,0,0,1,21,1.4
Lang/7_buggy,10,1,7,0,1,0,0,1,20,1.33
Lang/8_buggy,10,1,7,0,1,0,0,1,20,1.4
Lang/9_buggy,10,0,7,0,1,0,0,1,19,1.32
Lang/10_buggy,10,0,7,0,1,0,0,1,19,1.32
Lang/11_buggy,10,0,7,0,1,0,0,1,19,1.33
Lang/12_buggy,10,0,7,0,1,0,0,1,19,1.33
Lang/13_buggy,10,0,7,0,1,0,0,1,19,1.32
Lang/14_buggy,8,0,5,0,1,0,0,1,15,1.08
Lang/15_buggy,8,0,5,0,1,0,0,1,15,1.08
Lang/16_buggy,9,1,5,0,0,0,0,1,16,1.13
Lang/17_buggy,8,0,5,0,0,0,0,1,14,1.04
Lang/18_buggy,8,0,5,0,0,0,0,1,14,1.04
Lang/19_buggy,8,0,5,0,0,0,0,2,15,1.12
Lang/20_buggy,8,0,5,0,0,0,0,2,15,1.12
Lang/21_buggy,16,1,5,0,0,0,0,2,24,1.8
Lang/22_buggy,16,1,7,0,0,0,0,2,26,1.95
Lang/23_buggy,16,1,7,0,0,0,0,2,26,1.96
Lang/24_buggy,16,1,7,0,0,0,0,2,26,1.96
Lang/25_buggy,16,1,7,0,0,0,0,2,26,1.96
Lang/26_buggy,16,1,6,0,0,0,0,2,25,1.92
Lang/27_buggy,16,1,6,0,0,0,0,2,25,1.93
Lang/28_buggy,14,2,6,0,0,0,0,2,24,1.9
Lang/29_buggy,14,2,6,0,0,0,0,2,24,1.9
Lang/30_buggy,14,2,6,0,0,0,0,2,24,1.92
Lang/31_buggy,14,2,6,0,0,0,0,2,24,1.93
Lang/32_buggy,14,2,6,0,0,0,0,2,24,1.96
Lang/33_buggy,14,2,6,0,0,0,0,2,24,1.96
Lang/34_buggy,14,2,6,0,0,0,0,2,24,1.96
Lang/35_buggy,14,2,6,0,0,0,0,2,24,1.99
Lang/36_buggy,14,2,6,0,0,1,0,2,25,2.07
Lang/37_buggy,14,2,6,0,0,1,0,2,25,2.07
Lang/38_buggy,14,2,6,0,0,1,0,2,25,2.07
Lang/39_buggy,14,2,6,0,0,1,0,2,25,2.08
Lang/40_buggy,15,2,6,0,0,1,0,1,25,2.03
Lang/41_buggy,15,2,6,0,0,1,0,1,25,2.03
Lang/42_buggy,17,3,12,0,1,7,0,3,43,3.18
Lang/43_buggy,17,3,12,0,1,7,0,3,43,3.18
Lang/44_buggy,17,3,12,0,1,7,0,3,43,3.18
Lang/45_buggy,18,3,12,0,1,7,0,3,44,3.26
Lang/46_buggy,18,3,11,0,1,7,0,3,43,3.3
Lang/47_buggy,18,2,13,0,1,9,0,3,46,3.44
Lang/48_buggy,18,2,11,0,1,9,0,3,44,3.34
Lang/49_buggy,18,2,10,0,1,9,0,3,43,3.31
Lang/50_buggy,18,2,10,0,1,9,0,3,43,3.35
Lang/51_buggy,18,2,8,0,1,7,0,3,39,3.16
Lang/52_buggy,18,2,8,0,1,7,0,3,39,3.16
Lang/53_buggy,18,2,8,0,1,7,0,2,38,3.09
Lang/54_buggy,18,2,8,0,1,7,0,2,38,3.1
Lang/55_buggy,18,2,8,0,1,7,0,2,38,3.1
Lang/56_buggy,18,2,8,0,1,7,0,2,38,3.1
Lang/57_buggy,19,2,8,0,1,7,0,2,39,3.18
Lang/58_buggy,19,2,8,0,1,7,0,2,39,3.18
Lang/59_buggy,19,2,8,0,1,7,0,2,39,3.18
Lang/60_buggy,19,2,8,0,1,7,0,2,39,3.18
Lang/61_buggy,19,2,8,0,1,7,0,2,39,3.18
Lang/62_buggy,19,3,9,0,1,7,0,2,41,3.35
Lang/63_buggy,19,3,9,0,1,7,0,2,41,3.37
Lang/64_buggy,19,3,9,0,1,7,0,2,41,3.39
Lang/65_buggy,20,3,10,0,1,7,0,2,43,3.58
Math/1_buggy,13,0,1,0,0,0,1,2,17,0.31
Math/2_buggy,10,0,1,0,0,0,1,3,15,0.27
Math/3_buggy,10,0,3,0,0,0,1,3,17,0.31
Math/4_buggy,10,0,1,0,0,0,1,3,15,0.28
Math/5_buggy,11,0,10,0,0,0,4,4,29,0.55
Math/6_buggy,10,0,9,0,0,0,4,2,25,0.47
Math/7_buggy,10,0,9,0,0,0,4,2,25,0.47
Math/8_buggy,16,0,9,0,0,0,4,2,31,0.59
Math/9_buggy,14,0,11,0,0,1,4,2,32,0.61
Math/10_buggy,14,0,11,0,0,1,4,2,32,0.63
Math/11_buggy,14,0,11,0,0,1,4,2,32,0.63
Math/12_buggy,14,0,12,0,0,1,4,2,33,0.65
Math/13_buggy,14,0,12,0,0,1,4,2,33,0.65
Math/14_buggy,14,0,11,0,0,1,4,2,32,0.63
Math/15_buggy,9,0,6,0,1,2,4,2,24,0.53
Math/16_buggy,9,0,6,0,1,2,4,2,24,0.53
Math/17_buggy,9,0,4,0,1,0,0,2,16,0.36
Math/18_buggy,9,0,4,0,3,0,0,2,18,0.41
Math/19_buggy,9,0,4,0,3,0,0,2,18,0.41
Math/20_buggy,9,0,4,0,3,0,0,2,18,0.41
Math/21_buggy,9,0,5,0,3,0,0,2,19,0.43
Math/22_buggy,9,0,5,0,3,0,0,2,19,0.43
Math/23_buggy,9,0,5,0,3,0,0,2,19,0.43
Math/24_buggy,9,0,5,0,3,0,0,2,19,0.43
Math/25_buggy,9,0,7,0,3,0,0,2,21,0.48
Math/26_buggy,9,2,7,0,3,0,0,4,25,0.59
Math/27_buggy,9,2,7,0,3,0,0,4,25,0.59
Math/28_buggy,9,2,7,0,3,0,0,4,25,0.59
Math/29_buggy,11,0,4,0,3,0,0,4,22,0.53
Math/30_buggy,11,0,4,0,3,0,0,4,22,0.53
Math/31_buggy,11,0,4,0,3,0,0,4,22,0.53
Math/32_buggy,11,0,4,0,3,0,0,4,22,0.53
Math/33_buggy,9,0,4,0,3,0,0,2,18,0.44
Math/34_buggy,9,0,4,0,3,0,0,2,18,0.44
Math/35_buggy,9,0,4,0,3,0,0,2,18,0.44
Math/36_buggy,13,1,12,0,3,2,0,3,34,0.82
Math/37_buggy,12,1,11,0,5,2,0,3,34,0.82
Math/38_buggy,13,1,10,0,5,2,0,3,34,0.82
Math/39_buggy,13,1,10,0,5,2,0,3,34,0.82
Math/40_buggy,13,1,10,0,5,2,0,3,34,0.82
Math/41_buggy,13,1,10,0,5,2,0,3,34,0.82
Math/42_buggy,13,1,10,0,5,2,0,3,34,0.82
Math/43_buggy,10,1,10,0,5,2,0,3,31,0.75
Math/44_buggy,10,1,10,0,5,2,0,3,31,0.76
Math/45_buggy,10,1,9,0,5,2,0,3,30,0.75
Math/46_buggy,9,1,8,0,5,2,0,3,28,0.72
Math/47_buggy,9,1,8,0,5,2,0,3,28,0.72
Math/48_buggy,9,1,7,0,5,2,0,3,27,0.69
Math/49_buggy,9,1,10,0,5,2,0,3,30,0.76
Math/50_buggy,9,1,11,0,5,2,0,3,31,0.79
Math/51_buggy,9,1,10,0,5,2,0,3,30,0.76
Math/52_buggy,9,1,4,0,5,2,0,3,24,0.64
Math/53_buggy,9,1,4,0,5,2,0,2,23,0.63
Math/54_buggy,8,1,3,0,5,0,0,3,20,0.61
Math/55_buggy,8,0,3,0,5,2,0,2,20,0.61
Math/56_buggy,8,0,3,0,5,2,0,2,20,0.61
Math/57_buggy,9,0,9,0,5,2,0,2,27,0.82
Math/58_buggy,8,0,7,0,5,2,0,3,25,0.77
Math/59_buggy,7,0,7,0,5,0,0,3,22,0.69
Math/60_buggy,7,0,8,0,5,0,0,1,21,0.66
Math/61_buggy,7,1,5,0,5,2,0,1,21,0.63
Math/62_buggy,7,1,5,0,5,0,0,1,19,0.57
Math/63_buggy,7,1,5,0,5,0,0,2,20,0.64
Math/64_buggy,4,2,5,0,5,0,0,1,17,0.57
Math/65_buggy,4,2,5,0,5,0,0,1,17,0.57
Math/66_buggy,1,2,5,0,5,0,0,4,17,0.57
Math/67_buggy,1,1,4,0,5,0,0,1,12,0.41
Math/68_buggy,0,1,1,0,5,0,0,1,8,0.28
Math/69_buggy,0,1,1,0,5,0,0,1,8,0.28
Math/70_buggy,0,1,1,0,5,0,0,1,8,0.28
Math/71_buggy,0,1,1,0,5,0,0,1,8,0.29
Math/72_buggy,0,1,2,0,5,0,0,1,9,0.33
Math/73_buggy,0,1,2,0,5,0,0,1,9,0.33
Math/74_buggy,0,1,1,0,5,0,0,1,8,0.29
Math/75_buggy,0,2,1,0,5,0,0,1,9,0.33
Math/76_buggy,0,2,1,0,5,0,0,1,9,0.33
Math/77_buggy,0,2,1,0,5,0,0,1,9,0.33
Math/78_buggy,0,2,1,0,5,0,0,1,9,0.33
Math/79_buggy,0,2,1,0,5,0,0,1,9,0.33
Math/80_buggy,0,2,1,0,5,0,0,1,9,0.33
Math/81_buggy,0,2,1,0,5,0,0,1,9,0.33
Math/82_buggy,0,2,2,0,5,0,0,1,10,0.38
Math/83_buggy,0,2,2,0,5,0,0,1,10,0.38
Math/84_buggy,0,2,2,0,5,0,0,1,10,0.38
Math/85_buggy,0,2,2,0,5,3,0,1,13,0.49
Math/86_buggy,5,1,5,0,5,2,2,0,20,0.8
Math/87_buggy,5,1,5,0,5,2,2,0,20,0.8
Math/88_buggy,5,1,5,0,5,2,2,0,20,0.8
Math/89_buggy,1,1,3,0,5,2,2,0,14,0.65
Math/90_buggy,1,1,3,0,5,2,2,0,14,0.65
Math/91_buggy,2,1,4,0,5,2,4,0,18,0.85
Math/92_buggy,2,1,4,0,5,2,5,0,19,1.07
Math/93_buggy,2,1,4,0,5,2,5,0,19,1.07
Math/94_buggy,4,2,3,0,5,2,9,0,25,1.42
Math/95_buggy,2,0,2,0,4,2,1,0,11,0.78
Math/96_buggy,2,0,1,0,4,2,1,0,10,0.73
Math/97_buggy,3,0,1,0,4,4,1,0,13,1.1
Math/98_buggy,2,0,1,0,4,4,1,0,12,1.02
Math/99_buggy,2,1,4,0,5,2,5,0,19,1
Math/100_buggy,0,0,0,0,4,4,1,31,40,3.46
Math/101_buggy,0,0,0,0,4,4,1,30,39,3.38
Math/102_buggy,1,0,5,0,4,10,4,25,49,4.42
Math/103_buggy,1,0,6,0,4,10,2,25,48,4.45
Math/104_buggy,1,0,6,0,4,10,2,25,48,4.47
Math/105_buggy,1,0,6,0,4,5,1,21,38,5.52
Math/106_buggy,1,0,6,0,4,5,1,20,37,5.62
Mockito/1_buggy,16,3,2,0,2,9,2,1,35,4.71
Mockito/2_buggy,15,2,1,0,2,9,2,1,32,4.37
Mockito/3_buggy,16,3,1,0,2,9,2,1,34,4.58
Mockito/4_buggy,15,2,1,0,2,9,2,1,32,4.38
Mockito/5_buggy,16,2,1,0,2,9,2,1,33,4.53
Mockito/6_buggy,16,2,1,0,2,9,2,1,33,4.53
Mockito/7_buggy,16,2,1,0,2,9,2,1,33,4.53
Mockito/8_buggy,16,2,1,0,2,9,2,1,33,4.53
Mockito/9_buggy,16,2,1,0,0,9,2,1,31,4.33
Mockito/10_buggy,17,2,1,0,0,9,2,1,32,4.55
Mockito/11_buggy,17,4,1,0,0,9,2,1,34,4.88
Mockito/12_buggy,8,1,0,0,0,9,1,9,28,5.89
Mockito/13_buggy,8,1,0,0,0,9,1,9,28,5.9
Mockito/14_buggy,9,1,0,0,0,9,1,9,29,6.21
Mockito/15_buggy,8,1,0,0,0,9,1,9,28,5.67
Mockito/16_buggy,9,1,0,0,0,9,1,9,29,6.89
Mockito/17_buggy,9,1,0,0,0,9,1,9,29,6.9
Mockito/18_buggy,16,3,1,0,2,9,2,1,34,4.59
Mockito/19_buggy,16,3,1,0,2,9,2,1,34,4.59
Mockito/20_buggy,17,3,1,0,2,9,3,1,36,4.67
Mockito/21_buggy,16,2,1,0,0,9,2,1,31,4.34
Mockito/22_buggy,17,4,0,0,0,9,2,2,34,4.96
Mockito/23_buggy,17,4,0,0,0,9,2,5,37,5.44
Mockito/24_buggy,16,4,0,0,0,9,2,5,36,5.29
Mockito/25_buggy,14,3,0,0,0,8,1,4,30,4.56
Mockito/26_buggy,12,2,0,0,0,8,1,4,27,4.36
Mockito/27_buggy,9,2,0,0,0,9,1,10,31,5.64
Mockito/28_buggy,8,1,0,0,0,9,1,9,28,5.63
Mockito/29_buggy,8,1,0,0,0,9,1,9,28,5.66
Mockito/30_buggy,8,1,0,0,0,9,1,9,28,5.66
Mockito/31_buggy,8,1,0,0,0,9,1,9,28,5.66
Mockito/32_buggy,8,1,0,0,0,9,1,9,28,5.84
Mockito/33_buggy,8,1,0,0,0,9,1,9,28,5.86
Mockito/34_buggy,9,1,0,0,0,9,1,9,29,6.89
Mockito/35_buggy,9,1,0,0,0,9,1,9,29,7.12
Mockito/36_buggy,6,1,0,0,0,9,1,9,26,6.46
Mockito/37_buggy,6,1,0,0,0,9,1,9,26,6.47
Mockito/38_buggy,1,1,0,0,0,7,1,11,21,5.86
Time/1_buggy,13,0,7,0,1,2,0,1,24,1.25
Time/2_buggy,13,0,7,0,1,2,0,1,24,1.25
Time/3_buggy,13,0,7,0,1,2,0,1,24,1.25
Time/4_buggy,13,0,7,0,1,2,0,1,24,1.25
Time/5_buggy,13,0,7,0,1,2,0,1,24,1.25
Time/6_buggy,13,0,7,0,1,2,0,1,24,1.21
Time/7_buggy,13,0,7,0,1,2,0,1,24,1.22
Time/8_buggy,13,0,7,0,1,2,0,1,24,1.22
Time/9_buggy,13,0,7,0,1,2,0,1,24,1.22
Time/10_buggy,13,0,7,0,1,2,0,1,24,1.22
Time/11_buggy,13,0,7,0,1,2,0,2,25,1.28
Time/12_buggy,14,0,7,0,1,2,0,2,26,1.38
Time/13_buggy,14,0,7,0,1,2,0,2,26,1.38
Time/14_buggy,14,0,7,0,1,2,0,2,26,1.39
Time/15_buggy,14,0,7,0,1,2,0,2,26,1.39
Time/16_buggy,14,0,7,0,1,2,0,2,26,1.39
Time/17_buggy,14,0,7,0,1,2,0,2,26,1.39
Time/18_buggy,13,0,7,0,1,2,0,2,25,1.34
Time/19_buggy,13,0,7,0,1,2,0,2,25,1.34
Time/20_buggy,13,0,7,0,1,2,0,2,25,1.34
Time/22_buggy,15,1,7,1,1,2,0,12,39,2.11
Time/23_buggy,15,1,7,1,1,2,0,12,39,2.11
Time/24_buggy,15,1,7,1,1,2,0,12,39,2.11
Time/25_buggy,15,1,7,1,1,2,0,12,39,2.11
Time/26_buggy,15,1,7,1,1,2,0,12,39,2.11
Time/27_buggy,15,1,7,1,1,2,0,12,39,2.12
