,Bad practice Warnings,Correctness Warnings,Dodgy code Warnings,Experimental Warnings,Internationalization Warnings,Malicious code vulnerability Warnings,Multithreaded correctness Warnings,Performance Warnings,Total,Density*
Chart/1_buggy,192,17,40,0,0,398,11,8,666,10.25
Chart/2_buggy,192,16,39,0,0,397,11,8,663,10.2
Chart/3_buggy,193,16,39,0,0,397,11,8,664,10.22
Chart/4_buggy,184,17,37,0,0,383,11,8,640,10.05
Chart/5_buggy,184,15,37,0,0,358,11,8,613,10.22
Chart/6_buggy,213,10,43,0,0,350,11,7,634,11.19
Chart/7_buggy,216,10,43,0,0,350,11,7,637,11.26
Chart/8_buggy,216,10,43,0,0,350,11,7,637,11.26
Chart/9_buggy,216,10,43,0,0,354,11,7,641,11.34
Chart/10_buggy,216,10,43,0,0,360,11,7,647,11.44
Chart/11_buggy,216,10,42,0,0,360,11,7,646,11.42
Chart/12_buggy,216,10,42,0,0,360,11,7,646,11.42
Chart/13_buggy,216,10,42,0,0,360,11,7,646,11.44
Chart/14_buggy,217,10,42,0,0,360,11,7,647,11.46
Chart/15_buggy,222,10,42,0,0,360,11,7,652,11.59
Chart/16_buggy,222,10,42,0,0,360,11,7,652,11.59
Chart/17_buggy,225,9,42,0,0,360,11,7,654,11.68
Chart/18_buggy,225,9,42,0,0,360,11,7,654,11.68
Chart/19_buggy,232,9,45,0,0,360,11,8,665,11.92
Chart/20_buggy,228,9,45,0,0,358,11,8,659,11.87
Chart/21_buggy,228,9,45,0,0,358,11,8,659,11.9
Chart/22_buggy,228,9,46,0,0,358,11,8,660,11.92
Chart/23_buggy,228,9,45,0,0,358,11,8,659,11.94
Chart/24_buggy,228,9,47,0,0,358,11,8,661,11.99
Chart/25_buggy,228,9,47,0,0,358,11,8,661,12.01
Chart/26_buggy,227,10,46,0,0,357,11,7,658,12.11
Cli/1_buggy,1,0,1,0,1,4,0,1,8,7.15
Cli/2_buggy,1,0,1,0,1,4,0,0,7,6.27
Cli/3_buggy,1,0,1,0,1,4,0,0,7,6.22
Cli/4_buggy,1,0,1,0,1,4,0,0,7,6.22
Cli/5_buggy,1,0,1,0,1,4,0,0,7,6.21
Cli/7_buggy,10,0,1,0,1,42,0,2,56,21.1
Cli/8_buggy,1,0,1,0,1,4,0,0,7,6.12
Cli/9_buggy,1,0,1,0,1,4,0,0,7,6.08
Cli/10_buggy,1,0,1,0,1,4,0,0,7,6.03
Cli/11_buggy,1,0,0,0,1,4,0,0,6,5.29
Cli/12_buggy,1,0,0,0,1,4,0,0,6,5.34
Cli/13_buggy,10,0,0,0,1,42,0,2,55,20.72
Cli/14_buggy,10,0,0,0,1,42,0,2,55,20.44
Cli/15_buggy,10,0,0,0,1,42,0,2,55,20.45
Cli/16_buggy,10,0,0,0,1,42,0,2,55,20.41
Cli/17_buggy,1,0,0,0,1,12,0,0,14,12.1
Cli/18_buggy,1,0,0,0,1,12,0,0,14,12.11
Cli/19_buggy,1,0,0,0,1,12,0,0,14,12.13
Cli/20_buggy,1,0,0,0,1,12,0,0,14,12.14
Cli/21_buggy,10,0,0,0,1,44,0,2,57,20.97
Cli/22_buggy,1,0,0,0,1,12,0,0,14,12.12
Cli/23_buggy,1,0,0,0,1,12,0,0,14,12.04
Cli/24_buggy,1,0,0,0,1,12,0,0,14,12.04
Cli/25_buggy,1,0,0,0,1,12,0,0,14,12.04
Cli/26_buggy,1,0,0,0,1,12,0,0,14,12.03
Cli/27_buggy,1,0,0,0,1,14,0,0,16,13.18
Cli/28_buggy,1,0,0,0,1,15,0,0,17,11.89
Cli/29_buggy,1,0,0,0,1,15,0,0,17,11.71
Cli/30_buggy,1,0,0,0,1,15,0,0,17,11.68
Cli/31_buggy,1,0,0,0,1,15,0,0,17,11.6
Cli/32_buggy,1,0,0,0,1,15,0,0,17,11.62
Cli/33_buggy,1,0,0,0,1,15,0,0,17,11.64
Cli/34_buggy,1,0,0,0,1,15,0,0,17,11.55
Cli/35_buggy,0,0,0,0,1,14,0,0,15,9.68
Cli/36_buggy,0,0,0,0,1,14,0,0,15,9.67
Cli/37_buggy,0,0,0,0,1,14,0,0,15,9.64
Cli/38_buggy,0,0,0,0,1,14,0,0,15,9.62
Cli/39_buggy,0,0,0,0,1,15,0,0,16,9.99
Cli/40_buggy,0,0,0,0,1,15,0,0,16,9.86
Closure/1_buggy,60,19,113,4,13,190,0,41,440,6.86
Closure/2_buggy,60,19,114,4,13,190,0,41,441,6.88
Closure/3_buggy,61,19,114,4,13,190,1,41,443,6.9
Closure/4_buggy,61,19,114,4,13,189,1,41,442,6.89
Closure/5_buggy,61,19,111,4,13,190,1,41,440,6.89
Closure/6_buggy,62,19,111,4,13,200,1,40,450,7.04
Closure/7_buggy,58,19,110,4,13,201,1,40,446,7.0
Closure/8_buggy,58,19,109,4,13,200,1,39,443,7.0
Closure/9_buggy,58,19,109,4,13,200,1,39,443,7.0
Closure/10_buggy,56,19,108,4,13,200,1,39,440,6.95
Closure/11_buggy,55,19,108,4,13,200,1,39,439,6.94
Closure/12_buggy,55,19,109,4,13,201,1,39,441,7.0
Closure/13_buggy,55,19,110,4,13,201,1,39,442,7.02
Closure/14_buggy,55,19,110,4,13,202,1,39,443,7.04
Closure/15_buggy,55,19,110,3,13,202,1,39,442,7.03
Closure/16_buggy,55,19,110,3,13,202,1,39,442,7.02
Closure/17_buggy,55,19,110,3,13,202,1,39,442,7.02
Closure/18_buggy,55,19,110,3,13,202,1,39,442,7.02
Closure/19_buggy,55,19,110,3,13,202,1,39,442,7.02
Closure/20_buggy,55,19,110,3,13,202,1,39,442,7.03
Closure/21_buggy,55,19,110,3,13,202,1,39,442,7.03
Closure/22_buggy,55,19,110,3,13,202,1,39,442,7.03
Closure/23_buggy,55,18,109,3,13,200,1,39,438,7.0
Closure/24_buggy,55,18,108,3,13,200,1,39,437,7.0
Closure/25_buggy,55,18,108,3,13,200,1,39,437,7.01
Closure/26_buggy,55,18,108,3,13,200,1,39,437,7.01
Closure/27_buggy,55,18,108,3,13,201,1,39,438,7.03
Closure/28_buggy,55,18,108,3,13,201,1,39,438,7.03
Closure/29_buggy,55,18,108,3,13,201,1,39,438,7.03
Closure/30_buggy,55,19,105,3,13,201,1,39,436,7.06
Closure/31_buggy,55,19,105,3,13,201,1,39,436,7.06
Closure/32_buggy,55,19,105,3,13,199,1,39,434,7.03
Closure/33_buggy,55,19,105,3,13,198,1,39,433,7.02
Closure/34_buggy,55,19,105,3,13,199,1,39,434,7.04
Closure/35_buggy,45,18,105,3,11,201,1,39,423,6.92
Closure/36_buggy,45,18,105,3,11,201,1,39,423,6.92
Closure/37_buggy,45,18,105,3,11,201,1,39,423,6.93
Closure/38_buggy,45,18,105,3,11,200,1,39,422,6.93
Closure/39_buggy,45,17,105,3,11,200,1,39,421,6.93
Closure/40_buggy,45,17,105,3,11,200,1,39,421,6.93
Closure/41_buggy,45,17,104,3,11,200,1,39,420,6.92
Closure/42_buggy,45,17,104,3,11,200,1,39,420,6.92
Closure/43_buggy,45,17,104,3,11,200,1,39,420,6.92
Closure/44_buggy,45,15,102,3,11,195,1,39,411,6.88
Closure/45_buggy,45,15,102,3,11,195,1,39,411,6.88
Closure/46_buggy,46,15,104,3,11,194,1,39,413,6.89
Closure/47_buggy,45,15,103,3,11,194,1,39,411,6.89
Closure/48_buggy,45,14,102,3,11,194,1,39,409,6.86
Closure/49_buggy,45,15,112,3,11,192,1,47,426,6.57
Closure/50_buggy,45,15,112,3,10,192,1,47,425,6.58
Closure/51_buggy,45,15,112,3,10,188,1,47,421,6.53
Closure/52_buggy,45,14,112,3,10,188,1,47,420,6.53
Closure/53_buggy,45,14,113,3,10,181,1,48,415,6.49
Closure/54_buggy,45,14,112,3,10,183,1,48,416,6.55
Closure/55_buggy,44,14,112,3,10,184,1,48,416,6.57
Closure/56_buggy,44,14,112,3,10,184,1,48,416,6.58
Closure/57_buggy,41,13,114,3,10,184,1,48,414,6.56
Closure/58_buggy,41,13,114,3,10,184,1,48,414,6.57
Closure/59_buggy,37,12,113,3,10,182,1,49,407,6.52
Closure/60_buggy,36,13,109,3,10,170,1,51,393,6.43
Closure/61_buggy,34,13,110,3,10,167,1,50,388,6.36
Closure/62_buggy,34,13,110,3,10,167,1,50,388,6.36
Closure/64_buggy,34,13,110,3,8,161,1,50,380,6.27
Closure/65_buggy,34,13,111,3,8,161,1,50,381,6.29
Closure/66_buggy,34,13,111,3,8,161,1,50,381,6.3
Closure/67_buggy,34,13,111,3,8,161,1,50,381,6.3
Closure/68_buggy,34,13,111,3,8,161,1,50,381,6.3
Closure/69_buggy,34,13,111,3,8,161,1,50,381,6.3
Closure/70_buggy,34,13,111,3,8,161,1,52,383,6.37
Closure/71_buggy,33,12,113,3,8,160,1,52,382,6.52
Closure/72_buggy,34,12,112,3,8,160,1,52,382,6.56
Closure/73_buggy,33,11,113,3,8,160,1,50,379,6.61
Closure/74_buggy,33,11,111,3,8,160,1,51,378,6.64
Closure/75_buggy,33,11,111,3,8,160,1,48,375,6.62
Closure/76_buggy,4,0,0,0,0,12,0,0,16,11.76
Closure/77_buggy,4,0,0,0,0,12,0,0,16,11.76
Closure/78_buggy,4,0,0,0,0,12,0,0,16,11.76
Closure/79_buggy,4,0,0,0,0,12,0,0,16,11.76
Closure/80_buggy,4,0,0,0,0,12,0,0,16,11.76
Closure/81_buggy,4,0,0,0,0,12,0,0,16,11.76
Closure/82_buggy,4,0,0,0,0,12,0,0,16,11.76
Closure/83_buggy,4,0,0,0,0,12,0,0,16,11.76
Closure/84_buggy,4,0,0,0,0,12,0,0,16,11.76
Closure/85_buggy,4,0,0,0,0,12,0,0,16,11.76
Closure/86_buggy,4,0,0,0,0,12,0,0,16,11.76
Closure/87_buggy,4,0,0,0,0,12,0,0,16,11.76
Closure/88_buggy,4,0,0,0,0,12,0,0,16,11.76
Closure/89_buggy,4,0,0,0,0,12,0,0,16,11.76
Closure/90_buggy,4,0,0,0,0,12,0,0,16,11.76
Closure/91_buggy,4,0,0,0,0,12,0,0,16,11.76
Closure/92_buggy,4,0,0,0,0,12,0,0,16,11.76
Closure/94_buggy,4,0,0,0,0,12,0,0,16,11.76
Closure/95_buggy,4,0,0,0,0,12,0,0,16,11.76
Closure/96_buggy,4,0,3,0,0,12,0,0,19,8.93
Closure/97_buggy,32,9,153,3,8,143,1,40,389,7.8
Closure/98_buggy,30,9,147,3,10,142,1,39,381,7.84
Closure/99_buggy,30,9,147,3,10,142,1,39,381,7.84
Closure/100_buggy,30,9,147,3,10,142,1,39,381,7.86
Closure/101_buggy,29,9,147,1,7,134,2,31,360,7.76
Closure/102_buggy,29,9,148,1,7,134,2,30,360,7.84
Closure/103_buggy,29,8,148,1,7,134,2,30,359,7.82
Closure/104_buggy,29,8,148,1,7,134,2,30,359,7.82
Closure/105_buggy,29,8,147,1,7,134,2,29,357,7.88
Closure/106_buggy,18,4,93,0,7,109,2,26,259,6.14
Closure/107_buggy,61,18,107,5,14,200,0,50,455,6.15
Closure/108_buggy,61,18,107,5,14,200,0,50,455,6.15
Closure/109_buggy,61,18,108,4,14,198,0,51,454,6.16
Closure/110_buggy,61,18,107,4,14,195,0,48,447,6.12
Closure/111_buggy,61,18,100,4,14,194,0,47,438,6.5
Closure/112_buggy,60,18,105,4,14,192,0,47,440,6.56
Closure/113_buggy,60,18,105,4,14,192,0,47,440,6.56
Closure/114_buggy,60,18,105,4,14,192,0,47,440,6.56
Closure/115_buggy,60,18,105,4,14,192,0,47,440,6.56
Closure/116_buggy,60,18,105,4,14,192,0,47,440,6.56
Closure/117_buggy,61,18,105,4,14,189,0,46,437,6.52
Closure/118_buggy,61,18,105,4,14,189,0,45,436,6.51
Closure/119_buggy,61,18,105,4,14,189,0,45,436,6.51
Closure/120_buggy,61,18,105,4,14,197,0,44,443,6.61
Closure/121_buggy,61,18,105,4,14,197,0,44,443,6.61
Closure/122_buggy,61,19,105,4,14,196,0,43,442,6.6
Closure/123_buggy,61,19,104,4,14,196,0,43,441,6.61
Closure/124_buggy,59,19,103,4,14,196,0,44,439,6.59
Closure/125_buggy,57,19,101,4,14,195,0,42,432,6.53
Closure/126_buggy,60,19,100,4,14,191,0,42,430,6.63
Closure/127_buggy,60,19,100,4,14,191,0,42,430,6.63
Closure/128_buggy,60,19,103,4,14,191,0,44,435,6.73
Closure/129_buggy,60,19,103,4,14,191,0,44,435,6.73
Closure/130_buggy,60,19,102,4,14,191,0,43,433,6.71
Closure/131_buggy,60,19,102,4,14,191,0,43,433,6.71
Closure/132_buggy,60,19,102,4,14,189,0,43,431,6.68
Closure/133_buggy,60,19,101,4,13,189,0,43,429,6.65
Closure/134_buggy,29,8,145,1,6,129,2,28,348,7.78
Closure/135_buggy,29,8,147,1,7,134,2,28,356,7.87
Closure/136_buggy,29,9,148,1,7,134,2,31,361,7.81
Closure/137_buggy,29,9,148,1,7,134,2,31,361,7.8
Closure/138_buggy,29,9,147,1,7,134,2,31,360,7.77
Closure/139_buggy,29,9,147,1,7,134,2,31,360,7.77
Closure/140_buggy,29,9,147,1,7,134,2,31,360,7.76
Closure/141_buggy,29,9,147,1,7,134,2,31,360,7.76
Closure/142_buggy,32,8,145,1,7,138,2,31,364,7.78
Closure/143_buggy,32,8,145,1,7,138,2,31,364,7.78
Closure/144_buggy,30,9,149,3,10,142,1,39,383,7.82
Closure/145_buggy,30,9,149,3,9,143,1,39,383,7.81
Closure/146_buggy,30,9,152,3,9,143,1,39,386,7.8
Closure/147_buggy,31,9,153,3,8,143,1,40,388,7.82
Closure/148_buggy,32,9,152,3,8,143,1,40,388,7.8
Closure/149_buggy,4,0,3,0,0,12,0,0,19,9.14
Closure/150_buggy,4,0,0,0,0,12,0,0,16,11.76
Closure/151_buggy,4,0,0,0,0,12,0,0,16,11.76
Closure/152_buggy,4,0,0,0,0,12,0,0,16,11.76
Closure/153_buggy,4,0,0,0,0,12,0,0,16,11.76
Closure/154_buggy,4,0,0,0,0,12,0,0,16,11.76
Closure/155_buggy,6,0,0,0,0,17,0,0,23,11.79
Closure/156_buggy,33,11,111,3,8,160,1,48,375,6.63
Closure/157_buggy,33,11,111,3,8,160,1,48,375,6.62
Closure/158_buggy,33,11,111,3,8,160,1,48,375,6.6
Closure/159_buggy,33,11,113,3,8,160,1,50,379,6.61
Closure/160_buggy,34,13,111,3,8,161,1,50,381,6.3
Closure/161_buggy,37,12,113,3,10,182,1,48,406,6.48
Closure/162_buggy,45,14,112,3,10,183,1,48,416,6.55
Closure/163_buggy,45,15,102,3,11,195,1,39,411,6.91
Closure/164_buggy,45,18,105,3,11,200,1,39,422,6.94
Closure/165_buggy,55,18,108,3,13,200,1,39,437,7.01
Closure/166_buggy,55,19,110,4,13,201,1,39,442,7.02
Closure/167_buggy,55,19,109,4,13,201,1,39,441,7.0
Closure/168_buggy,55,19,109,4,13,201,1,39,441,6.99
Closure/169_buggy,58,19,110,4,13,201,1,40,446,7.0
Closure/170_buggy,60,19,101,4,14,195,0,44,437,6.7
Closure/171_buggy,61,19,105,4,14,197,0,43,443,6.65
Closure/172_buggy,61,19,105,4,14,196,0,43,442,6.6
Closure/173_buggy,61,18,105,4,14,189,0,45,436,6.51
Closure/174_buggy,60,18,105,4,14,192,0,47,440,6.56
Closure/175_buggy,61,18,107,4,14,198,0,51,453,6.15
Closure/176_buggy,61,18,107,5,14,200,0,50,455,6.16
Codec/1_buggy,0,0,1,0,9,4,0,0,14,8.03
Codec/2_buggy,0,0,3,0,9,1,0,0,13,6.8
Codec/3_buggy,0,0,3,0,8,4,0,0,15,7.45
Codec/4_buggy,0,0,3,0,0,4,0,0,7,3.44
Codec/5_buggy,0,0,3,0,0,4,0,0,7,3.44
Codec/6_buggy,0,0,3,0,0,4,0,0,7,3.17
Codec/7_buggy,0,0,3,0,0,4,0,0,7,3.17
Codec/8_buggy,0,0,3,0,0,4,0,0,7,3.18
Codec/9_buggy,0,0,5,0,0,3,0,0,8,3.08
Codec/10_buggy,0,0,5,0,0,1,0,1,7,2.93
Codec/11_buggy,0,0,5,0,0,4,0,1,10,3.06
Codec/12_buggy,0,0,5,0,0,4,0,1,10,2.91
Codec/13_buggy,1,0,2,0,0,5,0,1,9,2.17
Codec/14_buggy,1,0,2,0,0,5,0,1,9,2.15
Codec/15_buggy,1,0,2,0,0,5,0,1,9,1.91
Codec/16_buggy,1,0,2,0,0,5,0,1,9,1.92
Codec/17_buggy,15,1,10,0,0,21,0,1,48,1.93
Codec/18_buggy,15,1,10,0,0,21,0,1,48,1.93
Collections/25_buggy,1,4,10,0,0,72,1,1,89,4.98
Collections/26_buggy,1,4,10,0,0,74,1,1,91,4.93
Collections/27_buggy,1,4,10,0,0,74,1,1,91,4.93
Collections/28_buggy,1,4,10,0,0,73,1,1,90,4.83
Compress/1_buggy,1,4,5,0,16,15,0,1,42,8.22
Compress/2_buggy,2,4,4,0,16,15,0,1,42,7.69
Compress/3_buggy,2,4,4,0,12,17,0,0,39,6.96
Compress/4_buggy,2,4,4,0,12,17,0,0,39,6.95
Compress/5_buggy,2,4,3,0,10,17,0,0,36,6.27
Compress/6_buggy,2,4,3,0,10,17,0,0,36,6.24
Compress/7_buggy,4,4,4,0,10,20,0,0,42,6.67
Compress/8_buggy,4,4,4,0,10,20,0,0,42,6.64
Compress/9_buggy,0,2,2,0,13,18,0,1,36,4.29
Compress/10_buggy,0,2,2,0,13,18,0,1,36,4.18
Compress/11_buggy,0,2,2,0,13,18,0,1,36,4.15
Compress/12_buggy,0,2,2,0,13,18,0,1,36,4.14
Compress/13_buggy,0,2,2,0,13,18,0,1,36,4.14
Compress/14_buggy,0,2,2,0,13,18,0,1,36,4.14
Compress/15_buggy,0,2,2,0,10,18,0,0,32,3.54
Compress/16_buggy,0,2,2,0,10,18,0,0,32,3.53
Compress/17_buggy,0,2,2,0,10,19,0,0,33,3.6
Compress/18_buggy,0,2,2,0,10,19,0,0,33,3.6
Compress/19_buggy,0,2,2,0,9,18,0,1,32,2.9
Compress/20_buggy,1,2,2,0,9,19,0,1,34,3.01
Compress/21_buggy,1,2,3,0,7,20,0,1,34,2.71
Compress/22_buggy,0,2,1,0,0,20,0,0,23,1.84
Compress/23_buggy,0,2,1,0,0,20,0,0,23,1.84
Compress/24_buggy,0,2,1,0,0,21,0,0,24,1.92
Compress/25_buggy,0,2,1,0,0,21,0,0,24,1.92
Compress/26_buggy,0,2,1,0,0,21,0,0,24,1.88
Compress/27_buggy,0,2,1,0,0,21,0,0,24,1.88
Compress/28_buggy,0,2,1,0,0,21,0,0,24,1.88
Compress/29_buggy,0,2,1,0,0,32,0,0,35,2.58
Compress/30_buggy,0,2,1,0,0,32,0,0,35,2.58
Compress/31_buggy,0,2,1,0,0,32,0,0,35,2.57
Compress/32_buggy,0,2,1,0,0,32,0,0,35,2.56
Compress/33_buggy,0,2,1,0,0,32,0,0,35,2.56
Compress/34_buggy,0,2,0,0,0,32,0,0,34,2.48
Compress/35_buggy,0,2,2,0,0,32,0,0,36,2.53
Compress/36_buggy,0,2,0,0,0,32,0,0,34,2.39
Compress/37_buggy,0,2,0,0,0,32,0,0,34,2.39
Compress/38_buggy,0,2,0,0,0,32,0,0,34,2.39
Compress/39_buggy,0,2,0,0,0,32,1,0,35,2.46
Compress/40_buggy,0,2,0,0,0,32,0,0,34,2.39
Compress/41_buggy,0,2,0,0,0,35,0,0,37,2.51
Compress/42_buggy,0,2,0,0,0,38,0,0,40,2.62
Compress/43_buggy,0,2,0,0,0,40,0,0,42,2.53
Compress/44_buggy,0,2,0,0,0,41,0,0,43,2.57
Compress/45_buggy,0,2,0,0,0,41,0,0,43,2.57
Compress/46_buggy,0,2,0,0,0,41,0,0,43,2.56
Compress/47_buggy,0,2,0,0,0,41,0,0,43,2.48
Csv/1_buggy,0,0,1,0,0,0,0,0,1,1.69
Csv/2_buggy,0,0,2,0,0,0,0,0,2,2.42
Csv/3_buggy,0,0,2,0,0,0,0,1,3,3.55
Csv/4_buggy,0,0,1,0,1,0,0,0,2,2.3
Csv/5_buggy,0,0,1,0,1,0,0,0,2,2.27
Csv/6_buggy,0,0,1,0,1,0,0,0,2,2.25
Csv/7_buggy,0,0,1,0,1,0,0,0,2,2.24
Csv/8_buggy,0,0,1,0,1,0,0,0,2,2.21
Csv/9_buggy,0,0,1,0,1,0,0,0,2,2.21
Csv/10_buggy,0,0,1,0,1,0,0,0,2,2.21
Csv/11_buggy,0,0,1,0,0,0,0,0,1,1.09
Csv/12_buggy,0,0,1,0,0,0,0,0,1,1.09
Csv/13_buggy,0,0,1,0,0,0,0,0,1,0.99
Csv/14_buggy,0,0,1,0,0,0,0,0,1,0.92
Csv/15_buggy,0,0,1,0,0,0,0,0,1,0.89
Csv/16_buggy,0,0,1,0,0,0,0,0,1,0.88
Gson/1_buggy,0,0,5,0,0,2,0,0,7,1.78
Gson/2_buggy,10,2,8,0,0,4,0,0,24,4.38
Gson/3_buggy,10,2,8,0,0,4,0,0,24,4.37
Gson/4_buggy,10,2,8,0,0,4,0,0,24,4.15
Gson/5_buggy,10,2,8,0,0,4,0,0,24,4.16
Gson/6_buggy,10,2,8,0,0,4,0,0,24,4.16
Gson/7_buggy,10,2,8,0,0,4,0,0,24,4.15
Gson/8_buggy,10,2,8,0,0,4,0,0,24,4.15
Gson/9_buggy,10,2,8,0,0,4,0,0,24,4.14
Gson/10_buggy,10,2,9,0,0,4,0,0,25,4.3
Gson/11_buggy,10,2,8,0,0,4,0,0,24,4.07
Gson/12_buggy,10,2,8,0,0,4,0,0,24,4.07
Gson/13_buggy,10,2,8,0,0,4,0,0,24,4.06
Gson/14_buggy,10,2,8,0,0,4,0,0,24,4.07
Gson/15_buggy,10,2,8,0,0,4,0,0,24,4.06
Gson/16_buggy,10,2,8,0,0,4,0,0,24,4.06
Gson/17_buggy,10,2,8,0,0,4,0,0,24,4.05
Gson/18_buggy,10,2,8,0,0,4,0,0,24,4.02
JacksonCore/1_buggy,7,5,14,2,0,67,0,0,95,8.73
JacksonCore/2_buggy,8,5,17,2,0,70,0,0,102,9.24
JacksonCore/3_buggy,8,5,18,2,0,69,0,0,102,9.12
JacksonCore/4_buggy,8,5,16,2,0,75,0,0,106,9.19
JacksonCore/5_buggy,8,5,16,2,0,75,0,0,106,9.19
JacksonCore/6_buggy,8,5,16,2,0,75,0,0,106,9.19
JacksonCore/7_buggy,8,5,16,2,0,75,0,6,112,9.46
JacksonCore/8_buggy,8,5,17,2,0,75,0,6,113,9.02
JacksonCore/9_buggy,8,5,17,2,0,77,0,6,115,8.97
JacksonCore/10_buggy,8,5,19,2,0,80,0,6,120,8.65
JacksonCore/11_buggy,8,5,19,2,0,80,0,6,120,8.64
JacksonCore/12_buggy,8,6,19,2,0,91,0,6,132,9.69
JacksonCore/13_buggy,8,6,19,2,0,94,0,6,135,9.9
JacksonCore/14_buggy,8,6,19,2,0,94,0,6,135,9.9
JacksonCore/15_buggy,8,6,19,2,0,94,0,6,135,9.9
JacksonCore/16_buggy,9,6,23,2,0,107,0,6,153,9.9
JacksonCore/17_buggy,7,4,16,2,0,94,0,0,123,9.01
JacksonCore/18_buggy,7,4,16,2,0,94,0,0,123,8.99
JacksonCore/19_buggy,7,4,16,2,0,94,0,0,123,8.99
JacksonCore/20_buggy,8,4,15,2,0,107,0,0,136,8.75
JacksonCore/21_buggy,8,5,15,2,0,113,0,0,143,8.78
JacksonCore/22_buggy,8,6,17,2,0,114,0,0,147,8.4
JacksonCore/23_buggy,8,6,22,2,0,118,0,0,156,8.37
JacksonCore/24_buggy,8,6,22,2,0,118,0,0,156,8.34
JacksonCore/25_buggy,8,6,20,2,0,116,0,0,152,8.39
JacksonCore/26_buggy,8,6,23,2,0,118,0,0,157,8.38
JacksonDatabind/1_buggy,43,4,25,0,0,155,6,1,234,8.78
JacksonDatabind/2_buggy,41,6,19,0,0,169,6,1,242,8.31
JacksonDatabind/3_buggy,41,6,19,0,0,169,6,1,242,8.3
JacksonDatabind/4_buggy,41,5,19,0,0,175,6,1,247,8.46
JacksonDatabind/5_buggy,41,5,19,0,0,175,6,1,247,8.45
JacksonDatabind/6_buggy,41,4,19,0,0,175,6,1,246,8.42
JacksonDatabind/7_buggy,41,4,21,0,0,175,6,1,248,8.48
JacksonDatabind/8_buggy,46,4,23,0,0,181,6,1,261,8.33
JacksonDatabind/9_buggy,46,4,23,0,0,181,6,1,261,8.32
JacksonDatabind/10_buggy,46,4,23,0,0,184,6,1,264,8.39
JacksonDatabind/11_buggy,46,4,23,0,0,184,6,1,264,8.38
JacksonDatabind/12_buggy,41,4,21,0,0,175,6,1,248,8.46
JacksonDatabind/13_buggy,46,4,23,0,0,184,6,1,264,8.38
JacksonDatabind/14_buggy,46,4,23,0,0,184,6,1,264,8.38
JacksonDatabind/15_buggy,46,4,23,0,0,184,7,1,265,8.4
JacksonDatabind/16_buggy,46,4,23,0,0,184,7,1,265,8.4
JacksonDatabind/17_buggy,41,4,21,0,0,175,6,1,248,8.45
JacksonDatabind/18_buggy,48,5,24,0,0,186,7,1,271,8.45
JacksonDatabind/19_buggy,48,6,26,0,0,186,7,1,274,8.52
JacksonDatabind/20_buggy,46,4,23,0,0,184,7,1,265,8.39
JacksonDatabind/21_buggy,48,6,26,0,0,182,7,1,270,8.36
JacksonDatabind/22_buggy,69,6,25,0,0,184,7,1,292,8.97
JacksonDatabind/23_buggy,70,6,25,0,0,185,7,1,294,9.01
JacksonDatabind/24_buggy,70,6,25,0,0,185,7,1,294,8.99
JacksonDatabind/25_buggy,70,6,25,0,0,185,7,1,294,8.99
JacksonDatabind/26_buggy,68,6,25,0,0,185,7,1,292,8.92
JacksonDatabind/27_buggy,67,6,25,0,0,185,7,1,291,8.89
JacksonDatabind/28_buggy,67,6,24,0,0,185,7,1,290,8.85
JacksonDatabind/29_buggy,67,6,26,0,0,184,7,1,291,8.87
JacksonDatabind/30_buggy,67,6,23,0,0,184,7,1,288,8.77
JacksonDatabind/31_buggy,67,6,23,0,0,184,7,1,288,8.77
JacksonDatabind/32_buggy,67,6,23,0,0,184,7,1,288,8.76
JacksonDatabind/33_buggy,67,6,23,0,0,184,7,1,288,8.76
JacksonDatabind/34_buggy,88,6,21,0,0,179,9,1,304,8.95
JacksonDatabind/35_buggy,46,4,23,0,0,184,7,1,265,8.39
JacksonDatabind/36_buggy,88,6,20,0,0,181,9,1,305,8.96
JacksonDatabind/37_buggy,89,6,20,0,0,181,9,1,306,8.99
JacksonDatabind/38_buggy,89,6,20,0,0,181,9,1,306,8.98
JacksonDatabind/39_buggy,67,5,22,0,0,184,7,1,286,8.7
JacksonDatabind/40_buggy,89,5,20,0,0,181,9,1,305,8.95
JacksonDatabind/41_buggy,89,5,20,0,0,181,9,1,305,8.95
JacksonDatabind/42_buggy,67,5,22,0,0,184,7,1,286,8.7
JacksonDatabind/43_buggy,89,5,21,0,0,181,9,1,306,8.97
JacksonDatabind/44_buggy,89,5,21,0,0,181,9,1,306,8.97
JacksonDatabind/45_buggy,89,5,21,0,0,181,9,1,306,8.97
JacksonDatabind/46_buggy,67,6,22,0,0,184,7,1,287,8.73
JacksonDatabind/47_buggy,90,6,20,0,0,181,9,1,307,8.96
JacksonDatabind/48_buggy,90,6,20,0,0,181,9,1,307,8.96
JacksonDatabind/49_buggy,67,6,22,0,0,184,7,1,287,8.73
JacksonDatabind/50_buggy,89,11,21,0,0,182,9,1,313,8.95
JacksonDatabind/51_buggy,89,11,17,0,0,183,9,1,310,8.86
JacksonDatabind/52_buggy,89,11,17,0,0,183,9,1,310,8.86
JacksonDatabind/53_buggy,90,6,20,0,0,181,9,1,307,8.95
JacksonDatabind/54_buggy,88,11,17,0,0,184,9,1,310,8.83
JacksonDatabind/55_buggy,90,6,20,0,0,181,9,1,307,8.94
JacksonDatabind/56_buggy,90,6,20,0,0,181,9,1,307,8.93
JacksonDatabind/57_buggy,90,6,20,0,0,181,9,1,307,8.93
JacksonDatabind/58_buggy,90,6,20,0,0,181,9,1,307,8.93
JacksonDatabind/59_buggy,87,12,17,0,0,184,9,1,310,8.82
JacksonDatabind/60_buggy,87,12,17,0,0,184,9,1,310,8.81
JacksonDatabind/61_buggy,87,12,17,0,0,184,9,1,310,8.8
JacksonDatabind/62_buggy,89,6,20,0,0,181,9,1,306,8.92
JacksonDatabind/63_buggy,87,13,17,0,0,184,9,1,311,8.82
JacksonDatabind/64_buggy,87,13,17,0,0,184,9,1,311,8.82
JacksonDatabind/65_buggy,87,13,17,0,0,184,9,1,311,8.81
JacksonDatabind/66_buggy,87,13,17,0,0,184,9,1,311,8.82
JacksonDatabind/67_buggy,87,13,17,0,0,184,9,1,311,8.82
JacksonDatabind/68_buggy,87,13,17,0,0,184,9,1,311,8.82
JacksonDatabind/69_buggy,89,6,20,0,0,181,9,1,306,8.91
JacksonDatabind/70_buggy,87,13,17,0,0,184,9,1,311,8.8
JacksonDatabind/71_buggy,89,6,20,0,0,181,9,1,306,8.91
JacksonDatabind/72_buggy,89,6,20,0,0,181,9,1,306,8.91
JacksonDatabind/73_buggy,87,13,17,0,0,184,9,1,311,8.8
JacksonDatabind/74_buggy,87,13,17,0,0,185,7,1,310,8.77
JacksonDatabind/75_buggy,87,12,17,0,0,185,7,1,309,8.74
JacksonDatabind/76_buggy,86,12,17,0,0,185,7,1,308,8.7
JacksonDatabind/77_buggy,89,6,20,0,0,181,9,1,306,8.91
JacksonDatabind/78_buggy,86,12,17,0,0,185,7,1,308,8.7
JacksonDatabind/79_buggy,89,6,20,0,0,181,9,1,306,8.9
JacksonDatabind/80_buggy,97,22,21,0,0,183,7,1,331,8.9
JacksonDatabind/81_buggy,97,22,21,0,0,183,7,1,331,8.9
JacksonDatabind/82_buggy,86,12,17,0,0,185,7,1,308,8.68
JacksonDatabind/83_buggy,86,12,17,0,0,185,7,1,308,8.68
JacksonDatabind/84_buggy,86,12,18,0,0,185,7,1,309,8.71
JacksonDatabind/85_buggy,86,12,18,0,0,185,7,1,309,8.71
JacksonDatabind/86_buggy,86,12,18,0,0,185,7,1,309,8.71
JacksonDatabind/87_buggy,86,12,18,0,0,185,7,1,309,8.71
JacksonDatabind/88_buggy,86,12,18,0,0,185,8,1,310,8.73
JacksonDatabind/89_buggy,86,12,18,0,0,185,8,1,310,8.73
JacksonDatabind/90_buggy,86,12,18,0,0,185,8,1,310,8.71
JacksonDatabind/91_buggy,86,12,18,0,0,185,8,1,310,8.71
JacksonDatabind/92_buggy,89,6,20,0,0,181,9,1,306,8.9
JacksonDatabind/93_buggy,86,12,18,0,0,185,8,1,310,8.7
JacksonDatabind/94_buggy,89,6,20,0,0,181,9,1,306,8.9
JacksonDatabind/95_buggy,86,12,18,0,0,185,8,1,310,8.7
JacksonDatabind/96_buggy,100,22,18,0,0,184,5,1,330,8.67
JacksonDatabind/97_buggy,100,22,18,0,0,184,5,1,330,8.67
JacksonDatabind/98_buggy,100,22,18,0,0,184,5,1,330,8.67
JacksonDatabind/99_buggy,86,12,18,0,0,185,8,1,310,8.7
JacksonDatabind/100_buggy,100,22,18,0,0,184,5,1,330,8.67
JacksonDatabind/101_buggy,100,22,18,0,0,184,5,1,330,8.67
JacksonDatabind/102_buggy,100,22,18,0,0,184,5,1,330,8.66
JacksonDatabind/103_buggy,100,22,18,0,0,184,5,1,330,8.66
JacksonDatabind/104_buggy,100,22,18,0,0,184,5,1,330,8.66
JacksonDatabind/105_buggy,100,22,18,0,0,184,5,1,330,8.65
JacksonDatabind/106_buggy,100,22,18,0,0,185,6,1,332,8.63
JacksonDatabind/107_buggy,100,22,18,0,0,184,6,1,331,8.68
JacksonDatabind/108_buggy,100,22,18,0,0,185,6,1,332,8.62
JacksonDatabind/109_buggy,100,22,18,0,0,185,6,1,332,8.61
JacksonDatabind/110_buggy,100,22,18,0,0,184,6,1,331,8.68
JacksonDatabind/111_buggy,100,22,18,0,0,184,6,1,331,8.68
JacksonDatabind/112_buggy,100,22,18,0,0,184,6,1,331,8.67
JacksonXml/1_buggy,9,0,3,0,0,19,0,1,32,10.75
JacksonXml/2_buggy,9,0,3,0,0,19,0,1,32,10.73
JacksonXml/3_buggy,9,0,3,0,0,19,0,1,32,10.73
JacksonXml/4_buggy,9,0,3,0,0,19,0,1,32,10.66
JacksonXml/5_buggy,10,0,3,0,0,19,0,1,33,10.64
JacksonXml/6_buggy,10,0,3,0,0,19,0,1,33,10.64
Jsoup/1_buggy,0,0,3,0,0,4,0,0,7,3.45
Jsoup/2_buggy,0,0,3,0,0,4,0,0,7,3.45
Jsoup/3_buggy,0,0,3,0,0,4,0,0,7,3.4
Jsoup/4_buggy,0,0,6,0,0,6,0,1,13,4.75
Jsoup/5_buggy,0,0,6,0,0,6,0,1,13,4.75
Jsoup/6_buggy,0,0,6,0,0,7,0,1,14,4.3
Jsoup/7_buggy,0,0,6,0,0,8,0,1,15,4.57
Jsoup/8_buggy,0,0,6,0,0,8,0,1,15,4.55
Jsoup/9_buggy,0,0,6,0,0,8,0,1,15,4.55
Jsoup/10_buggy,0,0,6,0,0,9,0,1,16,4.77
Jsoup/11_buggy,0,0,6,0,0,9,0,1,16,4.75
Jsoup/12_buggy,1,0,8,0,0,9,0,4,22,5.79
Jsoup/13_buggy,1,0,17,0,0,8,0,4,30,4.31
Jsoup/14_buggy,1,0,17,0,0,8,0,4,30,4.28
Jsoup/15_buggy,1,0,16,0,0,8,0,4,29,4.11
Jsoup/16_buggy,1,0,13,0,0,8,0,4,26,3.68
Jsoup/17_buggy,1,0,13,0,0,8,0,4,26,3.68
Jsoup/18_buggy,1,0,13,0,0,8,0,4,26,3.68
Jsoup/19_buggy,1,0,13,0,0,8,0,4,26,3.67
Jsoup/20_buggy,1,0,13,0,0,9,0,2,25,3.42
Jsoup/21_buggy,1,0,13,0,0,9,0,2,25,3.42
Jsoup/22_buggy,1,0,13,0,0,9,0,2,25,3.41
Jsoup/23_buggy,1,0,13,0,0,9,0,2,25,3.4
Jsoup/24_buggy,1,0,13,0,0,9,0,2,25,3.39
Jsoup/25_buggy,1,0,13,0,0,9,0,2,25,3.38
Jsoup/26_buggy,1,0,13,0,0,10,0,2,26,3.5
Jsoup/27_buggy,1,0,13,0,0,10,0,2,26,3.49
Jsoup/28_buggy,1,0,13,0,0,10,0,2,26,3.49
Jsoup/29_buggy,1,0,12,0,0,10,0,1,24,3.23
Jsoup/30_buggy,1,0,12,0,0,10,0,1,24,3.22
Jsoup/31_buggy,1,0,12,0,0,10,0,1,24,3.21
Jsoup/32_buggy,1,0,12,0,0,9,0,1,23,3.05
Jsoup/33_buggy,1,0,13,0,0,9,0,1,24,3.07
Jsoup/34_buggy,1,0,13,0,0,9,0,1,24,3.07
Jsoup/35_buggy,1,0,13,0,0,9,0,1,24,3.07
Jsoup/36_buggy,2,0,11,0,0,10,0,1,24,3.03
Jsoup/37_buggy,2,0,11,0,0,10,0,1,24,3.02
Jsoup/38_buggy,2,0,11,0,0,10,0,1,24,3.02
Jsoup/39_buggy,2,0,11,0,0,10,0,1,24,3.0
Jsoup/40_buggy,2,0,12,0,0,10,0,1,25,3.12
Jsoup/41_buggy,4,0,12,0,0,9,0,3,28,3.32
Jsoup/42_buggy,4,0,11,0,0,9,0,3,27,3.2
Jsoup/43_buggy,2,0,13,0,0,9,0,3,27,3.17
Jsoup/44_buggy,2,0,13,0,0,9,0,3,27,3.17
Jsoup/45_buggy,2,0,13,0,0,10,0,3,28,3.27
Jsoup/46_buggy,2,0,13,0,0,10,0,3,28,3.27
Jsoup/47_buggy,2,0,13,0,0,10,0,3,28,3.27
Jsoup/48_buggy,2,0,13,0,0,10,0,3,28,3.25
Jsoup/49_buggy,2,0,13,0,0,12,0,3,30,3.47
Jsoup/50_buggy,10,0,12,0,0,12,0,2,36,4.16
Jsoup/51_buggy,10,0,12,0,0,12,0,2,36,4.16
Jsoup/52_buggy,10,0,11,0,0,12,0,2,35,4.01
Jsoup/53_buggy,10,0,11,0,0,12,0,2,35,4.01
Jsoup/54_buggy,10,0,11,0,0,12,0,2,35,4.0
Jsoup/55_buggy,11,0,11,0,1,13,0,3,39,4.39
Jsoup/56_buggy,11,0,11,0,0,13,0,3,38,4.27
Jsoup/57_buggy,11,0,11,0,0,13,0,3,38,4.26
Jsoup/58_buggy,11,1,13,0,0,13,0,3,41,4.54
Jsoup/59_buggy,11,1,13,0,0,13,0,3,41,4.53
Jsoup/60_buggy,11,1,13,0,0,13,0,3,41,4.53
Jsoup/61_buggy,11,1,13,0,0,13,0,3,41,4.52
Jsoup/62_buggy,11,1,12,0,0,13,0,3,40,4.37
Jsoup/63_buggy,14,1,13,0,0,12,0,3,43,4.65
Jsoup/64_buggy,14,1,13,0,0,12,0,3,43,4.66
Jsoup/65_buggy,14,2,13,0,0,14,0,2,45,4.76
Jsoup/66_buggy,14,2,13,0,0,14,0,2,45,4.7
Jsoup/67_buggy,15,2,13,0,0,14,0,2,46,4.77
Jsoup/68_buggy,15,2,13,0,0,14,0,3,47,4.87
Jsoup/69_buggy,15,2,8,0,0,14,0,3,42,4.36
Jsoup/70_buggy,15,2,8,0,0,14,0,3,42,4.35
Jsoup/71_buggy,15,2,8,0,0,14,0,3,42,4.35
Jsoup/72_buggy,16,2,8,0,0,14,0,3,43,4.44
Jsoup/73_buggy,16,2,8,0,0,14,0,3,43,4.44
Jsoup/74_buggy,16,2,8,0,0,14,0,3,43,4.44
Jsoup/75_buggy,17,2,8,0,0,14,0,3,44,4.52
Jsoup/76_buggy,17,2,8,0,0,14,0,3,44,4.51
Jsoup/77_buggy,17,2,8,0,0,14,0,3,44,4.51
Jsoup/78_buggy,16,2,8,0,0,14,0,3,43,4.41
Jsoup/79_buggy,16,2,8,0,0,14,0,3,43,4.41
Jsoup/80_buggy,16,2,8,0,0,14,0,3,43,4.41
Jsoup/81_buggy,16,2,8,0,0,16,0,4,46,4.7
Jsoup/82_buggy,16,1,8,0,0,16,0,3,44,4.51
Jsoup/83_buggy,16,1,8,0,0,16,0,3,44,4.51
Jsoup/84_buggy,16,1,10,0,0,16,0,3,46,4.71
Jsoup/85_buggy,16,4,10,0,0,16,0,3,49,5.0
Jsoup/86_buggy,16,4,10,0,0,16,0,3,49,5.0
Jsoup/87_buggy,16,4,10,0,0,16,0,3,49,5.0
Jsoup/88_buggy,16,4,10,0,0,16,0,3,49,5.0
Jsoup/89_buggy,16,4,10,0,0,16,0,3,49,5.0
Jsoup/90_buggy,16,3,10,0,0,16,0,3,48,4.89
Jsoup/91_buggy,16,3,10,0,0,16,0,3,48,4.89
Jsoup/92_buggy,14,3,9,0,0,16,0,1,43,4.36
Jsoup/93_buggy,14,3,9,0,0,16,0,1,43,4.35
JxPath/1_buggy,49,4,9,1,3,80,1,26,173,14.41
JxPath/2_buggy,49,4,9,1,3,80,1,26,173,14.41
JxPath/3_buggy,49,4,9,1,3,80,1,26,173,14.4
JxPath/4_buggy,49,4,9,1,3,80,3,20,169,14.34
JxPath/5_buggy,49,3,9,1,3,80,4,20,169,14.35
JxPath/6_buggy,49,3,9,1,3,80,4,20,169,14.25
JxPath/7_buggy,49,3,9,1,3,80,4,20,169,14.26
JxPath/8_buggy,49,3,9,1,3,80,4,20,169,14.22
JxPath/9_buggy,49,3,9,1,3,80,4,20,169,14.22
JxPath/10_buggy,49,3,9,1,3,80,4,20,169,14.21
JxPath/11_buggy,49,3,9,1,3,80,4,20,169,14.19
JxPath/12_buggy,49,3,9,1,3,80,4,20,169,14.18
JxPath/13_buggy,50,3,9,1,3,81,4,20,171,14.34
JxPath/14_buggy,51,3,9,1,3,82,4,20,173,14.49
JxPath/15_buggy,51,3,10,1,3,83,4,20,175,14.65
JxPath/16_buggy,51,2,9,1,3,83,4,20,173,14.45
JxPath/17_buggy,51,2,9,1,3,83,4,20,173,14.44
JxPath/18_buggy,51,2,9,1,3,83,4,20,173,14.44
JxPath/19_buggy,42,2,6,0,3,83,3,20,159,13.74
JxPath/20_buggy,42,2,8,0,3,83,4,20,162,13.92
JxPath/21_buggy,42,2,8,0,3,83,4,20,162,13.91
JxPath/22_buggy,42,2,7,0,3,83,4,20,161,13.82
Lang/1_buggy,10,1,10,0,1,10,0,1,33,2.17
Lang/3_buggy,10,1,11,0,1,10,0,1,34,2.24
Lang/4_buggy,10,2,10,0,1,10,0,1,34,2.24
Lang/5_buggy,10,2,10,0,1,10,0,1,34,2.26
Lang/6_buggy,10,2,10,0,1,10,0,1,34,2.26
Lang/7_buggy,10,1,10,0,1,10,0,1,33,2.2
Lang/8_buggy,10,1,10,0,1,10,0,1,33,2.3
Lang/9_buggy,10,0,10,0,1,10,0,1,32,2.23
Lang/10_buggy,10,0,10,0,1,10,0,1,32,2.22
Lang/11_buggy,10,0,10,0,1,10,0,1,32,2.24
Lang/12_buggy,10,0,10,0,1,10,0,1,32,2.24
Lang/13_buggy,10,0,10,0,1,10,0,1,32,2.23
Lang/14_buggy,8,0,8,0,1,9,0,1,27,1.94
Lang/15_buggy,8,0,8,0,1,9,0,1,27,1.95
Lang/16_buggy,9,1,8,0,0,11,0,1,30,2.13
Lang/17_buggy,8,0,6,0,0,9,0,1,24,1.79
Lang/18_buggy,8,0,6,0,0,9,0,1,24,1.79
Lang/19_buggy,8,0,6,0,0,8,0,2,24,1.79
Lang/20_buggy,8,0,6,0,0,8,0,2,24,1.79
Lang/21_buggy,16,1,6,0,0,9,0,2,34,2.55
Lang/22_buggy,16,1,8,0,0,9,0,2,36,2.7
Lang/23_buggy,16,1,8,0,0,9,0,2,36,2.71
Lang/24_buggy,16,1,8,0,0,9,0,2,36,2.72
Lang/25_buggy,16,1,8,0,0,9,0,2,36,2.72
Lang/26_buggy,16,1,7,0,0,9,0,2,35,2.68
Lang/27_buggy,16,1,7,0,0,9,0,2,35,2.7
Lang/28_buggy,14,2,7,0,0,9,0,2,34,2.69
Lang/29_buggy,14,2,7,0,0,9,0,2,34,2.69
Lang/30_buggy,14,2,7,0,0,9,0,2,34,2.72
Lang/31_buggy,14,2,7,0,0,9,0,2,34,2.73
Lang/32_buggy,14,2,7,0,0,9,0,2,34,2.77
Lang/33_buggy,14,2,7,0,0,9,0,2,34,2.77
Lang/34_buggy,14,2,7,0,0,9,0,2,34,2.77
Lang/35_buggy,14,2,7,0,0,9,0,2,34,2.81
Lang/36_buggy,14,2,7,0,0,10,0,2,35,2.9
Lang/37_buggy,14,2,7,0,0,10,0,2,35,2.9
Lang/38_buggy,14,2,7,0,0,10,0,2,35,2.9
Lang/39_buggy,14,2,7,0,0,10,0,2,35,2.91
Lang/40_buggy,15,2,7,0,0,10,0,1,35,2.84
Lang/41_buggy,15,2,7,0,0,10,0,1,35,2.85
Lang/42_buggy,17,3,13,0,1,30,0,3,67,4.96
Lang/43_buggy,17,3,13,0,1,30,0,3,67,4.96
Lang/44_buggy,17,3,13,0,1,30,0,3,67,4.96
Lang/45_buggy,18,3,13,0,1,30,0,3,68,5.05
Lang/46_buggy,18,3,12,0,1,28,0,3,65,4.99
Lang/47_buggy,18,2,14,0,1,30,0,3,68,5.09
Lang/48_buggy,18,2,12,0,1,30,0,3,66,5.01
Lang/49_buggy,18,2,11,0,1,30,0,3,65,5.0
Lang/50_buggy,18,2,11,0,1,30,0,3,65,5.06
Lang/51_buggy,18,2,9,0,1,27,0,3,60,4.87
Lang/52_buggy,18,2,9,0,1,27,0,3,60,4.87
Lang/53_buggy,18,2,9,0,1,27,0,2,59,4.8
Lang/54_buggy,18,2,9,0,1,27,0,2,59,4.82
Lang/55_buggy,18,2,9,0,1,27,0,2,59,4.82
Lang/56_buggy,18,2,9,0,1,27,0,2,59,4.81
Lang/57_buggy,19,2,9,0,1,27,0,2,60,4.89
Lang/58_buggy,19,2,9,0,1,27,0,2,60,4.89
Lang/59_buggy,19,2,9,0,1,27,0,2,60,4.89
Lang/60_buggy,19,2,9,0,1,27,0,2,60,4.9
Lang/61_buggy,19,2,9,0,1,27,0,2,60,4.9
Lang/62_buggy,19,3,10,0,1,27,0,2,62,5.06
Lang/63_buggy,19,3,10,0,1,27,0,2,62,5.1
Lang/64_buggy,19,3,10,0,1,27,0,2,62,5.13
Lang/65_buggy,20,3,11,0,1,29,0,2,66,5.49
Math/1_buggy,13,1,1,0,0,234,1,2,252,4.55
Math/2_buggy,10,1,1,0,0,234,1,6,253,4.6
Math/3_buggy,11,1,3,0,0,233,1,6,255,4.7
Math/4_buggy,11,1,1,0,0,233,1,6,253,4.68
Math/5_buggy,12,1,8,0,0,225,4,7,257,4.84
Math/6_buggy,11,1,7,0,0,225,4,5,253,4.77
Math/7_buggy,11,1,7,0,0,225,4,5,253,4.79
Math/8_buggy,17,1,7,0,0,223,4,5,257,4.91
Math/9_buggy,15,1,9,0,0,223,4,5,257,4.93
Math/10_buggy,15,1,9,0,0,209,4,5,243,4.78
Math/11_buggy,15,1,9,0,0,207,4,5,241,4.76
Math/12_buggy,15,1,10,0,0,207,4,5,242,4.78
Math/13_buggy,15,1,10,0,0,207,4,5,242,4.78
Math/14_buggy,15,1,9,0,0,207,4,5,241,4.76
Math/15_buggy,10,1,5,0,1,199,4,5,225,4.95
Math/16_buggy,10,1,5,0,1,199,4,5,225,4.96
Math/17_buggy,10,1,3,0,1,196,0,5,216,4.85
Math/18_buggy,10,1,3,0,3,196,0,5,218,4.91
Math/19_buggy,10,1,3,0,3,195,0,5,217,4.89
Math/20_buggy,10,1,3,0,3,195,0,5,217,4.89
Math/21_buggy,10,1,4,0,3,195,0,5,218,4.95
Math/22_buggy,10,1,4,0,3,195,0,5,218,4.95
Math/23_buggy,10,1,4,0,3,195,0,5,218,4.95
Math/24_buggy,10,1,4,0,3,191,0,5,214,4.87
Math/25_buggy,12,1,6,0,3,191,0,5,218,4.99
Math/26_buggy,12,3,6,0,3,191,0,7,222,5.22
Math/27_buggy,12,3,6,0,3,191,0,7,222,5.22
Math/28_buggy,12,3,6,0,3,191,0,7,222,5.22
Math/29_buggy,14,1,3,0,3,189,0,7,217,5.2
Math/30_buggy,14,1,3,0,3,189,0,7,217,5.2
Math/31_buggy,14,1,3,0,3,189,0,7,217,5.21
Math/32_buggy,14,1,3,0,3,189,0,7,217,5.21
Math/33_buggy,12,1,3,0,3,189,0,5,213,5.18
Math/34_buggy,12,1,3,0,3,189,0,5,213,5.18
Math/35_buggy,12,1,3,0,3,192,0,5,216,5.25
Math/36_buggy,16,2,7,0,3,198,0,6,232,5.6
Math/37_buggy,15,2,6,0,5,190,0,6,224,5.39
Math/38_buggy,16,2,6,0,5,190,0,6,225,5.45
Math/39_buggy,16,2,6,0,5,190,0,6,225,5.45
Math/40_buggy,16,2,6,0,5,190,0,6,225,5.44
Math/41_buggy,16,2,6,0,5,190,0,6,225,5.44
Math/42_buggy,16,2,6,0,5,190,0,6,225,5.44
Math/43_buggy,13,2,6,0,5,190,0,6,222,5.4
Math/44_buggy,13,2,6,0,5,189,0,6,221,5.41
Math/45_buggy,13,2,6,0,5,189,0,6,221,5.49
Math/46_buggy,12,2,6,0,5,178,0,6,209,5.35
Math/47_buggy,12,2,6,0,5,178,0,6,209,5.35
Math/48_buggy,12,2,6,0,5,178,0,6,209,5.34
Math/49_buggy,12,2,9,0,5,170,0,6,204,5.19
Math/50_buggy,12,2,9,0,5,170,0,6,204,5.18
Math/51_buggy,12,2,9,0,5,170,0,6,204,5.19
Math/52_buggy,12,2,4,0,5,176,0,6,205,5.43
Math/53_buggy,12,2,4,0,5,170,0,5,198,5.43
Math/54_buggy,11,2,3,0,5,117,0,6,144,4.36
Math/55_buggy,11,1,3,0,5,117,0,5,142,4.33
Math/56_buggy,11,1,3,0,5,117,0,5,142,4.33
Math/57_buggy,12,1,6,0,5,117,0,5,146,4.45
Math/58_buggy,11,1,4,0,5,117,0,6,144,4.42
Math/59_buggy,10,1,4,0,5,111,0,6,137,4.29
Math/60_buggy,10,1,5,0,5,111,0,4,136,4.3
Math/61_buggy,10,2,5,0,5,116,0,4,142,4.23
Math/62_buggy,10,2,5,0,5,114,0,4,140,4.18
Math/63_buggy,10,2,4,0,5,101,0,5,127,4.07
Math/64_buggy,7,3,4,0,5,104,0,4,127,4.25
Math/65_buggy,7,3,4,0,5,104,0,4,127,4.25
Math/66_buggy,4,3,4,0,5,104,0,7,127,4.29
Math/67_buggy,4,2,4,0,5,104,0,4,123,4.2
Math/68_buggy,3,2,1,0,5,106,0,4,121,4.28
Math/69_buggy,3,2,1,0,5,106,0,4,121,4.28
Math/70_buggy,3,2,1,0,5,106,0,4,121,4.27
Math/71_buggy,3,2,1,0,5,106,0,4,121,4.35
Math/72_buggy,3,2,1,0,5,108,0,4,123,4.56
Math/73_buggy,3,2,1,0,5,108,0,4,123,4.56
Math/74_buggy,3,2,1,0,5,108,0,4,123,4.45
Math/75_buggy,3,3,1,0,5,108,0,4,124,4.49
Math/76_buggy,3,3,1,0,5,108,0,4,124,4.49
Math/77_buggy,3,3,1,0,5,108,0,4,124,4.5
Math/78_buggy,3,3,1,0,5,105,0,4,121,4.46
Math/79_buggy,3,3,1,0,5,105,0,4,121,4.47
Math/80_buggy,3,3,1,0,5,105,0,4,121,4.47
Math/81_buggy,3,3,1,0,5,105,0,4,121,4.47
Math/82_buggy,3,3,2,0,5,104,0,4,121,4.55
Math/83_buggy,3,3,2,0,5,104,0,4,121,4.55
Math/84_buggy,3,3,2,0,5,104,0,4,121,4.56
Math/85_buggy,3,3,2,0,5,108,0,4,125,4.76
Math/86_buggy,8,2,5,0,5,99,2,3,124,4.95
Math/87_buggy,8,2,5,0,5,99,2,3,124,4.95
Math/88_buggy,8,2,5,0,5,99,2,3,124,4.95
Math/89_buggy,4,2,3,0,5,84,2,3,103,4.8
Math/90_buggy,4,2,3,0,5,84,2,3,103,4.8
Math/91_buggy,5,2,4,0,5,84,4,3,107,5.07
Math/92_buggy,5,2,4,0,5,70,5,3,94,5.27
Math/93_buggy,5,2,4,0,5,70,5,3,94,5.29
Math/94_buggy,7,3,3,0,5,70,9,3,100,5.67
Math/95_buggy,5,1,2,0,4,64,1,3,80,5.68
Math/96_buggy,5,1,1,0,4,64,1,3,79,5.75
Math/97_buggy,6,1,1,0,4,55,1,3,71,6.03
Math/98_buggy,5,1,1,0,4,55,1,3,70,5.95
Math/99_buggy,5,2,4,0,5,74,5,3,98,5.14
Math/100_buggy,3,1,0,0,4,58,1,34,101,8.74
Math/101_buggy,3,1,0,0,4,58,1,33,100,8.66
Math/102_buggy,4,1,1,0,4,61,4,28,103,9.29
Math/103_buggy,4,1,2,0,4,45,2,28,86,7.97
Math/104_buggy,4,1,2,0,4,45,2,28,86,8.0
Math/105_buggy,4,1,2,0,4,31,1,24,67,9.74
Math/106_buggy,4,1,2,0,4,31,1,23,66,10.03
Mockito/1_buggy,16,3,2,0,2,50,2,1,76,10.24
Mockito/2_buggy,15,2,1,0,2,47,2,1,70,9.56
Mockito/3_buggy,16,3,1,0,2,50,2,1,75,10.1
Mockito/4_buggy,15,2,1,0,2,47,2,1,70,9.59
Mockito/5_buggy,16,2,1,0,2,47,2,1,71,9.76
Mockito/6_buggy,16,2,1,0,2,47,2,1,71,9.75
Mockito/7_buggy,16,2,1,0,2,47,2,1,71,9.75
Mockito/8_buggy,16,2,1,0,2,47,2,1,71,9.75
Mockito/9_buggy,16,2,1,0,0,47,2,1,69,9.64
Mockito/10_buggy,17,2,1,0,0,49,2,1,72,10.23
Mockito/11_buggy,17,4,1,0,0,49,2,1,74,10.63
Mockito/12_buggy,8,1,0,0,0,34,1,9,53,11.15
Mockito/13_buggy,8,1,0,0,0,34,1,9,53,11.18
Mockito/14_buggy,9,1,0,0,0,36,1,9,56,11.99
Mockito/15_buggy,8,1,0,0,0,36,1,9,55,11.13
Mockito/16_buggy,9,1,0,0,0,29,1,9,49,11.64
Mockito/17_buggy,9,1,0,0,0,29,1,9,49,11.66
Mockito/18_buggy,16,3,1,0,2,50,2,1,75,10.11
Mockito/19_buggy,16,3,1,0,2,50,2,1,75,10.11
Mockito/20_buggy,17,3,1,0,2,51,3,1,78,10.12
Mockito/21_buggy,16,2,1,0,0,47,2,1,69,9.66
Mockito/22_buggy,17,4,0,0,0,49,2,2,74,10.8
Mockito/23_buggy,17,4,0,0,0,49,2,5,77,11.32
Mockito/24_buggy,16,4,0,0,0,49,2,5,76,11.17
Mockito/25_buggy,14,3,0,0,0,47,1,4,69,10.49
Mockito/26_buggy,12,2,0,0,0,46,1,4,65,10.49
Mockito/27_buggy,9,2,0,0,0,40,1,10,62,11.28
Mockito/28_buggy,8,1,0,0,0,36,1,9,55,11.06
Mockito/29_buggy,8,1,0,0,0,36,1,9,55,11.13
Mockito/30_buggy,8,1,0,0,0,36,1,9,55,11.12
Mockito/31_buggy,8,1,0,0,0,36,1,9,55,11.12
Mockito/32_buggy,8,1,0,0,0,34,1,9,53,11.06
Mockito/33_buggy,8,1,0,0,0,34,1,9,53,11.09
Mockito/34_buggy,9,1,0,0,0,29,1,9,49,11.64
Mockito/35_buggy,9,1,0,0,0,31,1,9,51,12.52
Mockito/36_buggy,6,1,0,0,0,29,1,9,46,11.43
Mockito/37_buggy,6,1,0,0,0,29,1,9,46,11.44
Mockito/38_buggy,1,1,0,0,0,28,1,11,42,11.72
Time/1_buggy,13,0,7,0,1,127,0,1,149,7.74
Time/2_buggy,13,0,7,0,1,127,0,1,149,7.74
Time/3_buggy,13,0,7,0,1,127,0,1,149,7.74
Time/4_buggy,13,0,7,0,1,127,0,1,149,7.74
Time/5_buggy,13,0,7,0,1,119,0,1,141,7.36
Time/6_buggy,13,0,7,0,1,119,0,1,141,7.09
Time/7_buggy,13,0,7,0,1,119,0,1,141,7.17
Time/8_buggy,13,0,7,0,1,119,0,1,141,7.19
Time/9_buggy,13,0,7,0,1,119,0,1,141,7.19
Time/10_buggy,13,0,7,0,1,119,0,1,141,7.19
Time/11_buggy,13,0,7,0,1,119,0,2,142,7.24
Time/12_buggy,14,0,7,0,1,119,0,2,143,7.61
Time/13_buggy,14,0,7,0,1,119,0,2,143,7.61
Time/14_buggy,14,0,7,0,1,118,0,2,142,7.57
Time/15_buggy,14,0,7,0,1,118,0,2,142,7.57
Time/16_buggy,14,0,7,0,1,118,0,2,142,7.57
Time/17_buggy,14,0,7,0,1,118,0,2,142,7.58
Time/18_buggy,13,0,7,0,1,118,0,2,141,7.53
Time/19_buggy,13,0,7,0,1,118,0,2,141,7.53
Time/20_buggy,13,0,7,0,1,118,0,2,141,7.53
Time/22_buggy,15,1,7,1,1,117,0,12,154,8.32
Time/23_buggy,15,1,7,1,1,117,0,12,154,8.32
Time/24_buggy,15,1,7,1,1,117,0,12,154,8.33
Time/25_buggy,15,1,7,1,1,117,0,12,154,8.34
Time/26_buggy,15,1,7,1,1,117,0,12,154,8.35
Time/27_buggy,15,1,7,1,1,117,0,12,154,8.38
